"domeinnaamregistratie";"Officiële naam organisatie";"TOOi URI organisatie";"Registratiehouder";"Registrar";"Eerste registratiedatum";"Doel";"Einde registratie"
"albrandswaard.nl";"Gemeente Albrandswaard";"https://identifier.overheid.nl/tooi/id/gemeente/gm0613";"Onbekend";"";"";"Onbekend";""
"zijpalm.nl";"Gemeente Almere";"https://identifier.overheid.nl/tooi/id/gemeente/gm0034";"Onbekend";"";"";"Onbekend";""
"stadspasalmere.nl";"Gemeente Almere";"https://identifier.overheid.nl/tooi/id/gemeente/gm0034";"Onbekend";"";"";"Onbekend";""
"almereinzicht.nl";"Gemeente Almere";"https://identifier.overheid.nl/tooi/id/gemeente/gm0034";"Onbekend";"";"";"Onbekend";""
"alsiklatergrootbeninalmere.nl";"Gemeente Almere";"https://identifier.overheid.nl/tooi/id/gemeente/gm0034";"Onbekend";"";"";"Onbekend";""
"daretodreamin036.nl";"Gemeente Almere";"https://identifier.overheid.nl/tooi/id/gemeente/gm0034";"Onbekend";"";"";"Onbekend";""
"almere.nl";"Gemeente Almere";"https://identifier.overheid.nl/tooi/id/gemeente/gm0034";"Onbekend";"";"";"Onbekend";""
"raadvanalmere.nl";"Gemeente Almere";"https://identifier.overheid.nl/tooi/id/gemeente/gm0034";"Onbekend";"";"";"Onbekend";""
"slavernijmonumentalmere.nl";"Gemeente Almere";"https://identifier.overheid.nl/tooi/id/gemeente/gm0034";"Onbekend";"";"";"Onbekend";""
"werkenbijalmere.nl";"Gemeente Almere";"https://identifier.overheid.nl/tooi/id/gemeente/gm0034";"Onbekend";"";"";"Onbekend";""
"mijnstembureau-almere.nl";"Gemeente Almere";"https://identifier.overheid.nl/tooi/id/gemeente/gm0034";"Onbekend";"";"";"Onbekend";""
"afvalalmere.nl";"Gemeente Almere";"https://identifier.overheid.nl/tooi/id/gemeente/gm0034";"Onbekend";"";"";"Onbekend";""
"actiefinaltena.nl";"Gemeente Altena";"https://identifier.overheid.nl/tooi/id/gemeente/gm1959";"Onbekend";"";"";"Onbekend";""
"gemeentealtena.nl";"Gemeente Altena";"https://identifier.overheid.nl/tooi/id/gemeente/gm1959";"Onbekend";"";"";"Onbekend";""
"werkenbijgemeentealtena.nl";"Gemeente Altena";"https://identifier.overheid.nl/tooi/id/gemeente/gm1959";"Onbekend";"";"";"Onbekend";""
"duurzaamameland.nl";"Gemeente Ameland";"https://identifier.overheid.nl/tooi/id/gemeente/gm0060";"Onbekend";"";"";"Onbekend";""
"ameland.nl";"Gemeente Ameland";"https://identifier.overheid.nl/tooi/id/gemeente/gm0060";"Onbekend";"";"";"Onbekend";""
"bergen.nl";"Gemeente Bergen (L)";"https://identifier.overheid.nl/tooi/id/gemeente/gm0893";"Gemeente Bergen (L)";"Realtime Register, Burgemeester Drijbersingel 51, 8021JB Zwolle, Netherlands";"18-11-1998";"E-mail";""
"bergen.eu";"Gemeente Bergen (L)";"https://identifier.overheid.nl/tooi/id/gemeente/gm0893";"Gemeente Bergen (L)";"";"";"Doorverwijzing";""
"verduursamen2030.nl";"Gemeente Bergen (L)";"https://identifier.overheid.nl/tooi/id/gemeente/gm0893";"Gemeente Bergen (L)";"Realtime Register, Burgemeester Drijbersingel 51, 8021JB Zwolle, Netherlands";"20-12-2017";"Hosting";""
"verduurzamen2030.nl";"Gemeente Bergen (L)";"https://identifier.overheid.nl/tooi/id/gemeente/gm0893";"Gemeente Bergen (L)";"Realtime Register, Burgemeester Drijbersingel 51, 8021JB Zwolle, Netherlands";"20-11-2018";"Reservering";""
"bergenaandemaas.nl";"Gemeente Bergen (L)";"https://identifier.overheid.nl/tooi/id/gemeente/gm0893";"Gemeente Bergen (L)";"Realtime Register, Burgemeester Drijbersingel 51, 8021JB Zwolle, Netherlands";"17-06-2005";"Doorverwijzing";""
"bergenlb.nl";"Gemeente Bergen (L)";"https://identifier.overheid.nl/tooi/id/gemeente/gm0893";"Gemeente Bergen (L)";"Realtime Register, Burgemeester Drijbersingel 51, 8021JB Zwolle, Netherlands";"04-09-1998";"Doorverwijzing";""
"energielandschapbergen.nl";"Gemeente Bergen (L)";"https://identifier.overheid.nl/tooi/id/gemeente/gm0893";"Gemeente Bergen (L)";"Realtime Register, Burgemeester Drijbersingel 51, 8021JB Zwolle, Netherlands";"20-12-2017";"Reservering";""
"energielandschapwellsmeer.eu";"Gemeente Bergen (L)";"https://identifier.overheid.nl/tooi/id/gemeente/gm0893";"Gemeente Bergen (L)";"";"";"Reservering";""
"energielandschapwellsmeer.info";"Gemeente Bergen (L)";"https://identifier.overheid.nl/tooi/id/gemeente/gm0893";"Gemeente Bergen (L)";"";"";"Doorverwijzing";""
"gemeente-maasduinen.nl";"Gemeente Bergen (L)";"https://identifier.overheid.nl/tooi/id/gemeente/gm0893";"Gemeente Bergen (L)";"Realtime Register, Burgemeester Drijbersingel 51, 8021JB Zwolle, Netherlands";"29-12-2000";"Reservering";""
"gemeentemaasduinen.nl";"Gemeente Bergen (L)";"https://identifier.overheid.nl/tooi/id/gemeente/gm0893";"Gemeente Bergen (L)";"Realtime Register, Burgemeester Drijbersingel 51, 8021JB Zwolle, Netherlands";"29-12-2000";"Reservering";""
"maasduinen.info";"Gemeente Bergen (L)";"https://identifier.overheid.nl/tooi/id/gemeente/gm0893";"Gemeente Bergen (L)";"";"";"Reservering";""
"maasparkwell.eu";"Gemeente Bergen (L)";"https://identifier.overheid.nl/tooi/id/gemeente/gm0893";"Gemeente Bergen (L)";"";"";"Reservering";""
"maasparkwell.nl";"Gemeente Bergen (L)";"https://identifier.overheid.nl/tooi/id/gemeente/gm0893";"Gemeente Bergen (L)";"Realtime Register, Burgemeester Drijbersingel 51, 8021JB Zwolle, Netherlands";"14-01-2008";"Reservering";""
"borger-odoorn.nl";"Gemeente Borger-Odoorn";"https://identifier.overheid.nl/tooi/id/gemeente/gm1681";"Onbekend";"";"";"Onbekend";""
"actiefborgerodoorn.nl";"Gemeente Borger-Odoorn";"https://identifier.overheid.nl/tooi/id/gemeente/gm1681";"Onbekend";"";"";"Onbekend";""
"coevorden.eu";"Gemeente Coevorden";"https://identifier.overheid.nl/tooi/id/gemeente/gm0109";"Onbekend";"";"";"Onbekend";""
"coevorden.org";"Gemeente Coevorden";"https://identifier.overheid.nl/tooi/id/gemeente/gm0109";"Onbekend";"";"";"Onbekend";""
"opencoevorden.nl";"Gemeente Coevorden";"https://identifier.overheid.nl/tooi/id/gemeente/gm0109";"Onbekend";"";"";"Onbekend";""
"afvalincoevorden.nl";"Gemeente Coevorden";"https://identifier.overheid.nl/tooi/id/gemeente/gm0109";"Onbekend";"";"";"Onbekend";""
"raadcoevorden.nl";"Gemeente Coevorden";"https://identifier.overheid.nl/tooi/id/gemeente/gm0109";"Onbekend";"";"";"Onbekend";""
"kansrijk-opgroeien.nl";"Gemeente Coevorden";"https://identifier.overheid.nl/tooi/id/gemeente/gm0109";"Onbekend";"";"";"Onbekend";""
"inhuurdeskcoevorden.nl";"Gemeente Coevorden";"https://identifier.overheid.nl/tooi/id/gemeente/gm0109";"Onbekend";"";"";"Onbekend";""
"cranendonck.nl";"Gemeente Cranendonck";"https://identifier.overheid.nl/tooi/id/gemeente/gm1706";"Gemeente Cranendonck";"";"";"E-mail";""
"dewolden.nl";"Gemeente De Wolden";"https://identifier.overheid.nl/tooi/id/gemeente/gm1690";"Gemeente De Wolden";"team.blue nl B.V., Vondellaan 47, 2332AA Leiden, Netherlands";"14-03-2000";"Hosting";""
"afentoe.nl";"Gemeente Den Haag";"https://identifier.overheid.nl/tooi/id/gemeente/gm0518";"Onbekend";"";"";"Onbekend";""
"allemaalhaags.nl";"Gemeente Den Haag";"https://identifier.overheid.nl/tooi/id/gemeente/gm0518";"Onbekend";"";"";"Onbekend";""
"beeldbankdenhaag.nl";"Gemeente Den Haag";"https://identifier.overheid.nl/tooi/id/gemeente/gm0518";"Onbekend";"";"";"Onbekend";""
"bibliotheekdenhaag.nl";"Gemeente Den Haag";"https://identifier.overheid.nl/tooi/id/gemeente/gm0518";"Onbekend";"";"";"Onbekend";""
"cjgdenhaag.nl";"Gemeente Den Haag";"https://identifier.overheid.nl/tooi/id/gemeente/gm0518";"Onbekend";"";"";"Onbekend";""
"comingoutweek.nl";"Gemeente Den Haag";"https://identifier.overheid.nl/tooi/id/gemeente/gm0518";"Onbekend";"";"";"Onbekend";""
"digitalemuurkrant.nl";"Gemeente Den Haag";"https://identifier.overheid.nl/tooi/id/gemeente/gm0518";"Onbekend";"";"";"Onbekend";""
"vraagjufmina.nl";"Gemeente Den Haag";"https://identifier.overheid.nl/tooi/id/gemeente/gm0518";"Onbekend";"";"";"Onbekend";""
"denhaagfietst.nl";"Gemeente Den Haag";"https://identifier.overheid.nl/tooi/id/gemeente/gm0518";"Onbekend";"";"";"Onbekend";""
"denhaaginsideout.nl";"Gemeente Den Haag";"https://identifier.overheid.nl/tooi/id/gemeente/gm0518";"Onbekend";"";"";"Onbekend";""
"denhaag.nl";"Gemeente Den Haag";"https://identifier.overheid.nl/tooi/id/gemeente/gm0518";"Onbekend";"";"";"Onbekend";""
"denhaag.com";"Gemeente Den Haag";"https://identifier.overheid.nl/tooi/id/gemeente/gm0518";"Onbekend";"";"";"Onbekend";""
"denhaagmantelzorg.nl";"Gemeente Den Haag";"https://identifier.overheid.nl/tooi/id/gemeente/gm0518";"Onbekend";"";"";"Onbekend";""
"haagsgemeentearchief.nl";"Gemeente Den Haag";"https://identifier.overheid.nl/tooi/id/gemeente/gm0518";"Onbekend";"";"";"Onbekend";""
"gogovouchers.nl";"Gemeente Den Haag";"https://identifier.overheid.nl/tooi/id/gemeente/gm0518";"Onbekend";"";"";"Onbekend";""
"nederlandsmuziekinstituut.nl";"Gemeente Den Haag";"https://identifier.overheid.nl/tooi/id/gemeente/gm0518";"Onbekend";"";"";"Onbekend";""
"haagsestadmakers.nl";"Gemeente Den Haag";"https://identifier.overheid.nl/tooi/id/gemeente/gm0518";"Onbekend";"";"";"Onbekend";""
"haagsevrouwendagen.nl";"Gemeente Den Haag";"https://identifier.overheid.nl/tooi/id/gemeente/gm0518";"Onbekend";"";"";"Onbekend";""
"hackthehague.com";"Gemeente Den Haag";"https://identifier.overheid.nl/tooi/id/gemeente/gm0518";"Onbekend";"";"";"Onbekend";""
"hallowerk.nl";"Gemeente Den Haag";"https://identifier.overheid.nl/tooi/id/gemeente/gm0518";"Onbekend";"";"";"Onbekend";""
"hethaagsegroen.nl";"Gemeente Den Haag";"https://identifier.overheid.nl/tooi/id/gemeente/gm0518";"Onbekend";"";"";"Onbekend";""
"thehagueinternationalcentre.nl";"Gemeente Den Haag";"https://identifier.overheid.nl/tooi/id/gemeente/gm0518";"Onbekend";"";"";"Onbekend";""
"janvanzanen.nl";"Gemeente Den Haag";"https://identifier.overheid.nl/tooi/id/gemeente/gm0518";"Onbekend";"";"";"Onbekend";""
"jeugdhulpdenhaag.nl";"Gemeente Den Haag";"https://identifier.overheid.nl/tooi/id/gemeente/gm0518";"Onbekend";"";"";"Onbekend";""
"mijndenhaag.nl";"Gemeente Den Haag";"https://identifier.overheid.nl/tooi/id/gemeente/gm0518";"Onbekend";"";"";"Onbekend";""
"milieueducatiedenhaag.nl";"Gemeente Den Haag";"https://identifier.overheid.nl/tooi/id/gemeente/gm0518";"Onbekend";"";"";"Onbekend";""
"monumentenzorgdenhaag.nl";"Gemeente Den Haag";"https://identifier.overheid.nl/tooi/id/gemeente/gm0518";"Onbekend";"";"";"Onbekend";""
"move070.nl";"Gemeente Den Haag";"https://identifier.overheid.nl/tooi/id/gemeente/gm0518";"Onbekend";"";"";"Onbekend";""
"ooievaarspas.nl";"Gemeente Den Haag";"https://identifier.overheid.nl/tooi/id/gemeente/gm0518";"Onbekend";"";"";"Onbekend";""
"opkomstenuitslag.nl";"Gemeente Den Haag";"https://identifier.overheid.nl/tooi/id/gemeente/gm0518";"Onbekend";"";"";"Onbekend";""
"schoolinbos.nl";"Gemeente Den Haag";"https://identifier.overheid.nl/tooi/id/gemeente/gm0518";"Onbekend";"";"";"Onbekend";""
"schoolsport070.nl";"Gemeente Den Haag";"https://identifier.overheid.nl/tooi/id/gemeente/gm0518";"Onbekend";"";"";"Onbekend";""
"schoondoenwegewoon.nl";"Gemeente Den Haag";"https://identifier.overheid.nl/tooi/id/gemeente/gm0518";"Onbekend";"";"";"Onbekend";""
"slimparkeren.nl";"Gemeente Den Haag";"https://identifier.overheid.nl/tooi/id/gemeente/gm0518";"Onbekend";"";"";"Onbekend";""
"socialekaartdenhaag.nl";"Gemeente Den Haag";"https://identifier.overheid.nl/tooi/id/gemeente/gm0518";"Onbekend";"";"";"Onbekend";""
"stadslandbouwdenhaag.nl";"Gemeente Den Haag";"https://identifier.overheid.nl/tooi/id/gemeente/gm0518";"Onbekend";"";"";"Onbekend";""
"stadstekenaardenhaag.nl";"Gemeente Den Haag";"https://identifier.overheid.nl/tooi/id/gemeente/gm0518";"Onbekend";"";"";"Onbekend";""
"stembureausindenhaag.nl";"Gemeente Den Haag";"https://identifier.overheid.nl/tooi/id/gemeente/gm0518";"Onbekend";"";"";"Onbekend";""
"studyinthehague.com";"Gemeente Den Haag";"https://identifier.overheid.nl/tooi/id/gemeente/gm0518";"Onbekend";"";"";"Onbekend";""
"takethehague.nl";"Gemeente Den Haag";"https://identifier.overheid.nl/tooi/id/gemeente/gm0518";"Onbekend";"";"";"Onbekend";""
"veiligthuishaaglanden.nl";"Gemeente Den Haag";"https://identifier.overheid.nl/tooi/id/gemeente/gm0518";"Onbekend";"";"";"Onbekend";""
"verwijsindexhaaglanden.nl";"Gemeente Den Haag";"https://identifier.overheid.nl/tooi/id/gemeente/gm0518";"Onbekend";"";"";"Onbekend";""
"welstandsnotas.nl";"Gemeente Den Haag";"https://identifier.overheid.nl/tooi/id/gemeente/gm0518";"Onbekend";"";"";"Onbekend";""
"wijzerindewijk.nl";"Gemeente Den Haag";"https://identifier.overheid.nl/tooi/id/gemeente/gm0518";"Onbekend";"";"";"Onbekend";""
"rekenkamerdenhaag.nl";"Gemeente Den Haag";"https://identifier.overheid.nl/tooi/id/gemeente/gm0518";"Onbekend";"";"";"Onbekend";""
"eindhovenduurzaam.nl";"Gemeente Eindhoven";"https://identifier.overheid.nl/tooi/id/gemeente/gm0772";"Onbekend";"";"";"Onbekend";""
"eindhovensport.nl";"Gemeente Eindhoven";"https://identifier.overheid.nl/tooi/id/gemeente/gm0772";"Onbekend";"";"";"Onbekend";""
"eindhoven.nl";"Gemeente Eindhoven";"https://identifier.overheid.nl/tooi/id/gemeente/gm0772";"Onbekend";"";"";"Onbekend";""
"ondernemendeindhoven.nl";"Gemeente Eindhoven";"https://identifier.overheid.nl/tooi/id/gemeente/gm0772";"Onbekend";"";"";"Onbekend";""
"openeindhoven.nl";"Gemeente Eindhoven";"https://identifier.overheid.nl/tooi/id/gemeente/gm0772";"Onbekend";"";"";"Onbekend";""
"werkenvooreindhoven.nl";"Gemeente Eindhoven";"https://identifier.overheid.nl/tooi/id/gemeente/gm0772";"Onbekend";"";"";"Onbekend";""
"actiefinemmen.nl";"Gemeente Emmen";"https://identifier.overheid.nl/tooi/id/gemeente/gm0114";"Onbekend";"";"";"Onbekend";""
"angelslo-academy.nl";"Gemeente Emmen";"https://identifier.overheid.nl/tooi/id/gemeente/gm0114";"Onbekend";"";"";"Onbekend";""
"diepemmen.nl";"Gemeente Emmen";"https://identifier.overheid.nl/tooi/id/gemeente/gm0114";"Onbekend";"";"";"Onbekend";""
"emmengeeftenergie.nl";"Gemeente Emmen";"https://identifier.overheid.nl/tooi/id/gemeente/gm0114";"Onbekend";"";"";"Onbekend";""
"geldloketemmen.nl";"Gemeente Emmen";"https://identifier.overheid.nl/tooi/id/gemeente/gm0114";"Onbekend";"";"";"Onbekend";""
"gemeenteraademmen.nl";"Gemeente Emmen";"https://identifier.overheid.nl/tooi/id/gemeente/gm0114";"Onbekend";"";"";"Onbekend";""
"koningsdaginemmen.nl";"Gemeente Emmen";"https://identifier.overheid.nl/tooi/id/gemeente/gm0114";"Onbekend";"";"";"Onbekend";""
"mmmeter.nl";"Gemeente Emmen";"https://identifier.overheid.nl/tooi/id/gemeente/gm0114";"Onbekend";"";"";"Onbekend";""
"rensenparkemmen.nl";"Gemeente Emmen";"https://identifier.overheid.nl/tooi/id/gemeente/gm0114";"Onbekend";"";"";"Onbekend";""
"emmen.nl";"Gemeente Emmen";"https://identifier.overheid.nl/tooi/id/gemeente/gm0114";"Onbekend";"";"";"Onbekend";""
"enschede.nl";"Gemeente Enschede";"https://identifier.overheid.nl/tooi/id/gemeente/gm0153";"Onbekend";"";"";"Onbekend";""
"epespreekt.nl";"Gemeente Epe";"https://identifier.overheid.nl/tooi/id/gemeente/gm0232";"Onbekend";"";"";"Onbekend";""
"epe.nl";"Gemeente Epe";"https://identifier.overheid.nl/tooi/id/gemeente/gm0232";"Onbekend";"";"";"Onbekend";""
"etten-leur.nl";"Gemeente Etten-Leur";"https://identifier.overheid.nl/tooi/id/gemeente/gm0777";"Onbekend";"";"";"Onbekend";""
"etten-leurmakenwesamen.nl";"Gemeente Etten-Leur";"https://identifier.overheid.nl/tooi/id/gemeente/gm0777";"Onbekend";"";"";"Onbekend";""
"cjgetten-leur.nl";"Gemeente Etten-Leur";"https://identifier.overheid.nl/tooi/id/gemeente/gm0777";"Onbekend";"";"";"Onbekend";""
"doemeeinetten-leur.nl";"Gemeente Etten-Leur";"https://identifier.overheid.nl/tooi/id/gemeente/gm0777";"Onbekend";"";"";"Onbekend";""
"haansbergetten-leur.nl";"Gemeente Etten-Leur";"https://identifier.overheid.nl/tooi/id/gemeente/gm0777";"Onbekend";"";"";"Onbekend";""
"koepel-etten-leur.nl";"Gemeente Etten-Leur";"https://identifier.overheid.nl/tooi/id/gemeente/gm0777";"Onbekend";"";"";"Onbekend";""
"ondernemendetten-leur.nl";"Gemeente Etten-Leur";"https://identifier.overheid.nl/tooi/id/gemeente/gm0777";"Onbekend";"";"";"Onbekend";""
"trouweninetten-leur.nl";"Gemeente Etten-Leur";"https://identifier.overheid.nl/tooi/id/gemeente/gm0777";"Onbekend";"";"";"Onbekend";""
"vraagwijzeretten-leur.nl";"Gemeente Etten-Leur";"https://identifier.overheid.nl/tooi/id/gemeente/gm0777";"Onbekend";"";"";"Onbekend";""
"werkenbijetten-leur.nl";"Gemeente Etten-Leur";"https://identifier.overheid.nl/tooi/id/gemeente/gm0777";"Onbekend";"";"";"Onbekend";""
"gooisemeren.nl";"Gemeente Gooise Meren";"https://identifier.overheid.nl/tooi/id/gemeente/gm1942";"Onbekend";"";"";"Onbekend";""
"amsterdamairportcity.nl";"Gemeente Haarlemmermeer";"https://identifier.overheid.nl/tooi/id/gemeente/gm0394";"gemeente Haarlemmermeer";"Hostnet B.V. De Ruijterkade 6 1013AA Amsterdam Netherlands";"";"Hosting";""
"socialekaarthaarlemmermeer.nl";"Gemeente Haarlemmermeer";"https://identifier.overheid.nl/tooi/id/gemeente/gm0394";"SDU UITGEVERS B.V.";"NAMESHIELD 79 RUE DESJARDINS 49100 ANGERS France";"";"Onbekend";""
"visithaarlemmermeer.nl";"Gemeente Haarlemmermeer";"https://identifier.overheid.nl/tooi/id/gemeente/gm0394";"gemeente Haarlemmermeer";"Hostnet B.V. De Ruijterkade 6 1013AA Amsterdam Netherlands";"";"Onbekend";""
"haarlemmermeer.nl";"Gemeente Haarlemmermeer";"https://identifier.overheid.nl/tooi/id/gemeente/gm0394";"Gemeente Haarlemmermeer";"KPN Wilhelminakade 123 3072AP Rotterdam Netherlands";"28-06-1995";"E-mail";""
"werkenbijhaarlemmermeer.nl";"Gemeente Haarlemmermeer";"https://identifier.overheid.nl/tooi/id/gemeente/gm0394";"gemeente Haarlemmermeer";"Hostnet B.V. De Ruijterkade 6 1013AA Amsterdam Netherlands";"";"Onbekend";""
"participatieraadhaarlemmermeer.nl";"Gemeente Haarlemmermeer";"https://identifier.overheid.nl/tooi/id/gemeente/gm0394";"Gemeente Haarlemmermeer";"Hostingindustries B.V. Velserstraat 80 2023EE Haarlem Netherlands";"";"Onbekend";""
"haarlemmermeergemeente.nl";"Gemeente Haarlemmermeer";"https://identifier.overheid.nl/tooi/id/gemeente/gm0394";"gemeente Haarlemmermeer";"team.blue nl B.V. Vondellaan 47 2332AA Leiden Netherlands";"";"Onbekend";""
"haarlemmermeerhuurtin.nl";"Gemeente Haarlemmermeer";"https://identifier.overheid.nl/tooi/id/gemeente/gm0394";"gemeente Haarlemmermeer";"Hostnet B.V. De Ruijterkade 6 1013AA Amsterdam Netherlands";"";"Onbekend";""
"zaaihaarlemmermeer.nl";"Gemeente Haarlemmermeer";"https://identifier.overheid.nl/tooi/id/gemeente/gm0394";"Felixa";"team.blue nl B.V. Vondellaan 47 2332AA Leiden Netherlands";"";"Onbekend";""
"am-overleg.nl";"Gemeente Haarlemmermeer";"https://identifier.overheid.nl/tooi/id/gemeente/gm0394";"gemeente Haarlemmermeer";"Hostnet B.V. De Ruijterkade 6 1013AA Amsterdam Netherlands";"";"Reservering";""
"AMSTELLAND-MEERLANDEN.NL";"Gemeente Haarlemmermeer";"https://identifier.overheid.nl/tooi/id/gemeente/gm0394";"gemeente Haarlemmermeer";"Hostnet B.V. De Ruijterkade 6 1013AA Amsterdam Netherlands";"";"Onbekend";""
"AMSTELLAND-MEERLANDENOVERLEG.NL";"Gemeente Haarlemmermeer";"https://identifier.overheid.nl/tooi/id/gemeente/gm0394";"gemeente Haarlemmermeer";"Hostnet B.V. De Ruijterkade 6 1013AA Amsterdam Netherlands";"";"Reservering";""
"AMSTERDAMAIRPORTCITY.COM";"Gemeente Haarlemmermeer";"https://identifier.overheid.nl/tooi/id/gemeente/gm0394";"gemeente Haarlemmermeer";"Hostnet B.V. De Ruijterkade 6 1013AA Amsterdam Netherlands";"";"Onbekend";""
"BOSEILANDEN.NL";"Gemeente Haarlemmermeer";"https://identifier.overheid.nl/tooi/id/gemeente/gm0394";"gemeente Haarlemmermeer";"Hostnet B.V. De Ruijterkade 6 1013AA Amsterdam Netherlands";"";"Reservering";""
"CENTRUMJEUGDENGEZINHAARLEMMERMEER.NL";"Gemeente Haarlemmermeer";"https://identifier.overheid.nl/tooi/id/gemeente/gm0394";"gemeente Haarlemmermeer";"Hostnet B.V. De Ruijterkade 6 1013AA Amsterdam Netherlands";"";"Reservering";""
"CJGHAARLEMMERMEER.NET";"Gemeente Haarlemmermeer";"https://identifier.overheid.nl/tooi/id/gemeente/gm0394";"gemeente Haarlemmermeer";"WebReus Beemdstraat 14 5652AB EINDHOVEN Netherlands";"";"Reservering";""
"DEMENTIE-HAARLEMMERMEER.NL";"Gemeente Haarlemmermeer";"https://identifier.overheid.nl/tooi/id/gemeente/gm0394";"gemeente Haarlemmermeer";"Hostnet B.V. De Ruijterkade 6 1013AA Amsterdam Netherlands";"";"Reservering";""
"DEORGANISATIEKOERS.NL";"Gemeente Haarlemmermeer";"https://identifier.overheid.nl/tooi/id/gemeente/gm0394";"gemeente Haarlemmermeer";"Hostnet B.V. De Ruijterkade 6 1013AA Amsterdam Netherlands";"";"Reservering";""
"DISCOVERHAARLEMMERMEER.COM";"Gemeente Haarlemmermeer";"https://identifier.overheid.nl/tooi/id/gemeente/gm0394";"gemeente Haarlemmermeer";"Hostnet B.V. De Ruijterkade 6 1013AA Amsterdam Netherlands";"";"Doorverwijzing";""
"FUSIE-HSH.NL";"Gemeente Haarlemmermeer";"https://identifier.overheid.nl/tooi/id/gemeente/gm0394";"gemeente Haarlemmermeer";"Hostnet B.V. De Ruijterkade 6 1013AA Amsterdam Netherlands";"";"Reservering";""
"FUSIEHSH.NL";"Gemeente Haarlemmermeer";"https://identifier.overheid.nl/tooi/id/gemeente/gm0394";"gemeente Haarlemmermeer";"Hostnet B.V. De Ruijterkade 6 1013AA Amsterdam Netherlands";"";"Reservering";""
"GRAANVOORVISCHZUID.NL";"Gemeente Haarlemmermeer";"https://identifier.overheid.nl/tooi/id/gemeente/gm0394";"gemeente Haarlemmermee";"Hostnet B.V. De Ruijterkade 6 1013AA Amsterdam Netherlands";"";"Reservering";""
"GROENEKAPSTOK.NL";"Gemeente Haarlemmermeer";"https://identifier.overheid.nl/tooi/id/gemeente/gm0394";"Logo4Life";"team.blue nl B.V. Vondellaan 47 2332AA Leiden Netherlands";"";"Hosting";""
"GROENERVIJFHUIZEN.NL";"Gemeente Haarlemmermeer";"https://identifier.overheid.nl/tooi/id/gemeente/gm0394";"gemeente Haarlemmermeer";"Hostnet B.V. De Ruijterkade 6 1013AA Amsterdam Netherlands";"";"Reservering";""
"HAALERMEERUIT.NL";"Gemeente Haarlemmermeer";"https://identifier.overheid.nl/tooi/id/gemeente/gm0394";"gemeente Haarlemmermeer";"Hostnet B.V. De Ruijterkade 6 1013AA Amsterdam Netherlands";"";"Reservering";""
"HAARLEMMERLIEDE-HAARLEMMERMEER.NL";"Gemeente Haarlemmermeer";"https://identifier.overheid.nl/tooi/id/gemeente/gm0394";"gemeente Haarlemmermeer";"Hostnet B.V. De Ruijterkade 6 1013AA Amsterdam Netherlands";"";"Reservering";""
"HAARLEMMERLIEDEHAARLEMMERMEER.NL";"Gemeente Haarlemmermeer";"https://identifier.overheid.nl/tooi/id/gemeente/gm0394";"gemeente Haarlemmermeer";"Hostnet B.V. De Ruijterkade 6 1013AA Amsterdam Netherlands";"";"Reservering";""
"HAARLEMMERMEER-HAARLEMMERLIEDE.NL";"Gemeente Haarlemmermeer";"https://identifier.overheid.nl/tooi/id/gemeente/gm0394";"gemeente Haarlemmermeer";"Hostnet B.V. De Ruijterkade 6 1013AA Amsterdam Netherlands";"";"Reservering";""
"HAARLEMMERMEER-SPAARNWOUDE.NL";"Gemeente Haarlemmermeer";"https://identifier.overheid.nl/tooi/id/gemeente/gm0394";"gemeente Haarlemmermeer";"Hostnet B.V. De Ruijterkade 6 1013AA Amsterdam Netherlands";"";"Reservering";""
"HAARLEMMERMEER.EU";"Gemeente Haarlemmermeer";"https://identifier.overheid.nl/tooi/id/gemeente/gm0394";"gemeente Haarlemmermeer";"KPN Wilhelminakade 123 3072AP Rotterdam Netherlands";"";"Doorverwijzing";""
"HAARLEMMERMEERAALSMEERDERBRUG.NL";"Gemeente Haarlemmermeer";"https://identifier.overheid.nl/tooi/id/gemeente/gm0394";"gemeente Haarlemmermeer";"Hostnet B.V. De Ruijterkade 6 1013AA Amsterdam Netherlands";"";"Reservering";""
"HAARLEMMERMEERABBENES.NL";"Gemeente Haarlemmermeer";"https://identifier.overheid.nl/tooi/id/gemeente/gm0394";"gemeente Haarlemmermeer";"Hostnet B.V. De Ruijterkade 6 1013AA Amsterdam Netherlands";"";"Reservering";""
"HAARLEMMERMEERATLAS.NL";"Gemeente Haarlemmermeer";"https://identifier.overheid.nl/tooi/id/gemeente/gm0394";"gemeente Haarlemmermeer";"Hostnet B.V. De Ruijterkade 6 1013AA Amsterdam Netherlands";"";"Reservering";""
"HAARLEMMERMEERBADHOEVEDORP.NL";"Gemeente Haarlemmermeer";"https://identifier.overheid.nl/tooi/id/gemeente/gm0394";"gemeente Haarlemmermeer";"Hostnet B.V. De Ruijterkade 6 1013AA Amsterdam Netherlands";"";"Reservering";""
"HAARLEMMERMEERBEINSDORP.NL";"Gemeente Haarlemmermeer";"https://identifier.overheid.nl/tooi/id/gemeente/gm0394";"gemeente Haarlemmermeer";"Hostnet B.V. De Ruijterkade 6 1013AA Amsterdam Netherlands";"";"Reservering";""
"HAARLEMMERMEERBOESINGHELIEDE.NL";"Gemeente Haarlemmermeer";"https://identifier.overheid.nl/tooi/id/gemeente/gm0394";"gemeente Haarlemmermeer";"Hostnet B.V. De Ruijterkade 6 1013AA Amsterdam Netherlands";"";"Reservering";""
"HAARLEMMERMEERBUITENKAAG.NL";"Gemeente Haarlemmermeer";"https://identifier.overheid.nl/tooi/id/gemeente/gm0394";"gemeente Haarlemmermeer";"Hostnet B.V. De Ruijterkade 6 1013AA Amsterdam Netherlands";"";"Reservering";""
"HAARLEMMERMEERBURGERVEEN.NL";"Gemeente Haarlemmermeer";"https://identifier.overheid.nl/tooi/id/gemeente/gm0394";"gemeente Haarlemmermeer";"Hostnet B.V. De Ruijterkade 6 1013AA Amsterdam Netherlands";"";"Reservering";""
"HAARLEMMERMEERCRUQUIUS.NL";"Gemeente Haarlemmermeer";"https://identifier.overheid.nl/tooi/id/gemeente/gm0394";"gemeente Haarlemmermeer";"Hostnet B.V. De Ruijterkade 6 1013AA Amsterdam Netherlands";"";"Reservering";""
"HAARLEMMERMEERDEHOEK.NL";"Gemeente Haarlemmermeer";"https://identifier.overheid.nl/tooi/id/gemeente/gm0394";"gemeente Haarlemmermeer";"Hostnet B.V. De Ruijterkade 6 1013AA Amsterdam Netherlands";"";"Reservering";""
"HAARLEMMERMEERGEZOND.NL";"Gemeente Haarlemmermeer";"https://identifier.overheid.nl/tooi/id/gemeente/gm0394";"gemeente Haarlemmermeer";"Hostnet B.V. De Ruijterkade 6 1013AA Amsterdam Netherlands";"";"Reservering";""
"HAARLEMMERMEERHAARLEMMERLIEDE.NL";"Gemeente Haarlemmermeer";"https://identifier.overheid.nl/tooi/id/gemeente/gm0394";"gemeente Haarlemmermeer";"Hostnet B.V. De Ruijterkade 6 1013AA Amsterdam Netherlands";"";"Reservering";""
"HAARLEMMERMEERHOOFDDORP.NL";"Gemeente Haarlemmermeer";"https://identifier.overheid.nl/tooi/id/gemeente/gm0394";"gemeente Haarlemmermeer";"Hostnet B.V. De Ruijterkade 6 1013AA Amsterdam Netherlands";"";"Reservering";""
"HAARLEMMERMEERLEIMUIDERBRUG.NL";"Gemeente Haarlemmermeer";"https://identifier.overheid.nl/tooi/id/gemeente/gm0394";"gemeente Haarlemmermeer";"Hostnet B.V. De Ruijterkade 6 1013AA Amsterdam Netherlands";"";"Reservering";""
"HAARLEMMERMEERLIJNDEN.NL";"Gemeente Haarlemmermeer";"https://identifier.overheid.nl/tooi/id/gemeente/gm0394";"gemeente Haarlemmermeer";"Hostnet B.V. De Ruijterkade 6 1013AA Amsterdam Netherlands";"";"Reservering";""
"HAARLEMMERMEERLISSERBROEK.NL";"Gemeente Haarlemmermeer";"https://identifier.overheid.nl/tooi/id/gemeente/gm0394";"gemeente Haarlemmermeer";"Hostnet B.V. De Ruijterkade 6 1013AA Amsterdam Netherlands";"";"Reservering";""
"HAARLEMMERMEERNIEUW-VENNEP.NL";"Gemeente Haarlemmermeer";"https://identifier.overheid.nl/tooi/id/gemeente/gm0394";"gemeente Haarlemmermeer";"Hostnet B.V. De Ruijterkade 6 1013AA Amsterdam Netherlands";"";"Reservering";""
"HAARLEMMERMEERNIEUWEBRUG.NL";"Gemeente Haarlemmermeer";"https://identifier.overheid.nl/tooi/id/gemeente/gm0394";"gemeente Haarlemmermeer";"Hostnet B.V. De Ruijterkade 6 1013AA Amsterdam Netherlands";"";"Reservering";""
"HAARLEMMERMEERNIEUWEMEER.NL";"Gemeente Haarlemmermeer";"https://identifier.overheid.nl/tooi/id/gemeente/gm0394";"gemeente Haarlemmermeer";"Hostnet B.V. De Ruijterkade 6 1013AA Amsterdam Netherlands";"";"Reservering";""
"HAARLEMMERMEEROUDEMEER.NL";"Gemeente Haarlemmermeer";"https://identifier.overheid.nl/tooi/id/gemeente/gm0394";"gemeente Haarlemmermeer";"Hostnet B.V. De Ruijterkade 6 1013AA Amsterdam Netherlands";"";"Reservering";""
"HAARLEMMERMEERRIJSENHOUT.NL";"Gemeente Haarlemmermeer";"https://identifier.overheid.nl/tooi/id/gemeente/gm0394";"gemeente Haarlemmermeer";"Hostnet B.V. De Ruijterkade 6 1013AA Amsterdam Netherlands";"";"Reservering";""
"HAARLEMMERMEERROZENBURG.NL";"Gemeente Haarlemmermeer";"https://identifier.overheid.nl/tooi/id/gemeente/gm0394";"gemeente Haarlemmermeer";"Hostnet B.V. De Ruijterkade 6 1013AA Amsterdam Netherlands";"";"Reservering";""
"HAARLEMMERMEERSCHIPHOL-RIJK.NL";"Gemeente Haarlemmermeer";"https://identifier.overheid.nl/tooi/id/gemeente/gm0394";"gemeente Haarlemmermeer";"Hostnet B.V. De Ruijterkade 6 1013AA Amsterdam Netherlands";"";"Reservering";""
"HAARLEMMERMEERSCHIPHOL.NL";"Gemeente Haarlemmermeer";"https://identifier.overheid.nl/tooi/id/gemeente/gm0394";"gemeente Haarlemmermeer";"Hostnet B.V. De Ruijterkade 6 1013AA Amsterdam Netherlands";"";"Reservering";""
"HAARLEMMERMEERSOCIAAL.NL";"Gemeente Haarlemmermeer";"https://identifier.overheid.nl/tooi/id/gemeente/gm0394";"gemeente Haarlemmermeer";"Hostnet B.V. De Ruijterkade 6 1013AA Amsterdam Netherlands";"";"Reservering";""
"HAARLEMMERMEERTKABEL.NL";"Gemeente Haarlemmermeer";"https://identifier.overheid.nl/tooi/id/gemeente/gm0394";"gemeente Haarlemmermeer";"Hostnet B.V. De Ruijterkade 6 1013AA Amsterdam Netherlands";"";"Reservering";""
"HAARLEMMERMEERVIJFHUIZEN.NL";"Gemeente Haarlemmermeer";"https://identifier.overheid.nl/tooi/id/gemeente/gm0394";"gemeente Haarlemmermeer";"Hostnet B.V. De Ruijterkade 6 1013AA Amsterdam Netherlands";"";"Reservering";""
"HAARLEMMERMEERWETERINGBRUG.NL";"Gemeente Haarlemmermeer";"https://identifier.overheid.nl/tooi/id/gemeente/gm0394";"gemeente Haarlemmermeer";"Hostnet B.V. De Ruijterkade 6 1013AA Amsterdam Netherlands";"";"Reservering";""
"HAARLEMMERMEERZWAANSHOEK.NL";"Gemeente Haarlemmermeer";"https://identifier.overheid.nl/tooi/id/gemeente/gm0394";"gemeente Haarlemmermeer";"Hostnet B.V. De Ruijterkade 6 1013AA Amsterdam Netherlands";"";"Reservering";""
"HAARLEMMERMEERZWANENBURG.NL";"Gemeente Haarlemmermeer";"https://identifier.overheid.nl/tooi/id/gemeente/gm0394";"gemeente Haarlemmermeer";"Hostnet B.V. De Ruijterkade 6 1013AA Amsterdam Netherlands";"";"Reservering";""
"HARTJESPAARNDAM.COM";"Gemeente Haarlemmermeer";"https://identifier.overheid.nl/tooi/id/gemeente/gm0394";"gemeente Haarlemmermeer";"Hostnet B.V. De Ruijterkade 6 1013AA Amsterdam Netherlands";"";"Reservering";""
"HARTJESPAARNDAM.NL";"Gemeente Haarlemmermeer";"https://identifier.overheid.nl/tooi/id/gemeente/gm0394";"gemeente Haarlemmermeer";"Hostnet B.V. De Ruijterkade 6 1013AA Amsterdam Netherlands";"";"Reservering";""
"HETHARTVANHOLLAND.NL";"Gemeente Haarlemmermeer";"https://identifier.overheid.nl/tooi/id/gemeente/gm0394";"gemeente Haarlemmermeer";"Hostnet B.V. De Ruijterkade 6 1013AA Amsterdam Netherlands";"";"Reservering";""
"hlmrmeer.nl";"Gemeente Haarlemmermeer";"https://identifier.overheid.nl/tooi/id/gemeente/gm0394";"gemeente Haarlemmermeer";"WebReus Beemdstraat 14 5652AB EINDHOVEN Netherlands";"";"Doorverwijzing";""
"HLMRMEERAALSMEERDERBRUG.NL";"Gemeente Haarlemmermeer";"https://identifier.overheid.nl/tooi/id/gemeente/gm0394";"gemeente Haarlemmermeer";"Hostnet B.V. De Ruijterkade 6 1013AA Amsterdam Netherlands";"";"Reservering";""
"HLMRMEERABBENES.NL";"Gemeente Haarlemmermeer";"https://identifier.overheid.nl/tooi/id/gemeente/gm0394";"gemeente Haarlemmermeer";"Hostnet B.V. De Ruijterkade 6 1013AA Amsterdam Netherlands";"";"Reservering";""
"HLMRMEERBADHOEVEDORP.NL";"Gemeente Haarlemmermeer";"https://identifier.overheid.nl/tooi/id/gemeente/gm0394";"gemeente Haarlemmermeer";"Hostnet B.V. De Ruijterkade 6 1013AA Amsterdam Netherlands";"";"Reservering";""
"HLMRMEERBEINSDORP.NL";"Gemeente Haarlemmermeer";"https://identifier.overheid.nl/tooi/id/gemeente/gm0394";"gemeente Haarlemmermeer";"Hostnet B.V. De Ruijterkade 6 1013AA Amsterdam Netherlands";"";"Reservering";""
"HLMRMEERBOESINGHELIEDE.NL";"Gemeente Haarlemmermeer";"https://identifier.overheid.nl/tooi/id/gemeente/gm0394";"gemeente Haarlemmermeer";"Hostnet B.V. De Ruijterkade 6 1013AA Amsterdam Netherlands";"";"Reservering";""
"HLMRMEERBUITENKAAG.NL";"Gemeente Haarlemmermeer";"https://identifier.overheid.nl/tooi/id/gemeente/gm0394";"gemeente Haarlemmermeer";"Hostnet B.V. De Ruijterkade 6 1013AA Amsterdam Netherlands";"";"Reservering";""
"HLMRMEERBURGERVEEN.NL";"Gemeente Haarlemmermeer";"https://identifier.overheid.nl/tooi/id/gemeente/gm0394";"gemeente Haarlemmermeer";"Hostnet B.V. De Ruijterkade 6 1013AA Amsterdam Netherlands";"";"Reservering";""
"HLMRMEERCRUQUIUS.NL";"Gemeente Haarlemmermeer";"https://identifier.overheid.nl/tooi/id/gemeente/gm0394";"gemeente Haarlemmermeer";"Hostnet B.V. De Ruijterkade 6 1013AA Amsterdam Netherlands";"";"Reservering";""
"HLMRMEERDEHOEK.NL";"Gemeente Haarlemmermeer";"https://identifier.overheid.nl/tooi/id/gemeente/gm0394";"gemeente Haarlemmermeer";"Hostnet B.V. De Ruijterkade 6 1013AA Amsterdam Netherlands";"";"Reservering";""
"HLMRMEERHOOFDDORP.NL";"Gemeente Haarlemmermeer";"https://identifier.overheid.nl/tooi/id/gemeente/gm0394";"gemeente Haarlemmermeer";"Hostnet B.V. De Ruijterkade 6 1013AA Amsterdam Netherlands";"";"Reservering";""
"HLMRMEERLEIMUIDERBRUG.NL";"Gemeente Haarlemmermeer";"https://identifier.overheid.nl/tooi/id/gemeente/gm0394";"gemeente Haarlemmermeer";"Hostnet B.V. De Ruijterkade 6 1013AA Amsterdam Netherlands";"";"Reservering";""
"HLMRMEERLIJNDEN.NL";"Gemeente Haarlemmermeer";"https://identifier.overheid.nl/tooi/id/gemeente/gm0394";"gemeente Haarlemmermeer";"Hostnet B.V. De Ruijterkade 6 1013AA Amsterdam Netherlands";"";"Reservering";""
"HLMRMEERLISSERBROEK.NL";"Gemeente Haarlemmermeer";"https://identifier.overheid.nl/tooi/id/gemeente/gm0394";"gemeente Haarlemmermeer";"Hostnet B.V. De Ruijterkade 6 1013AA Amsterdam Netherlands";"";"Reservering";""
"HLMRMEERNIEUW-VENNEP.NL";"Gemeente Haarlemmermeer";"https://identifier.overheid.nl/tooi/id/gemeente/gm0394";"gemeente Haarlemmermeer";"Hostnet B.V. De Ruijterkade 6 1013AA Amsterdam Netherlands";"";"Reservering";""
"HLMRMEERNIEUWEBRUG.NL";"Gemeente Haarlemmermeer";"https://identifier.overheid.nl/tooi/id/gemeente/gm0394";"gemeente Haarlemmermeer";"Hostnet B.V. De Ruijterkade 6 1013AA Amsterdam Netherlands";"";"Reservering";""
"HLMRMEERNIEUWEMEER.NL";"Gemeente Haarlemmermeer";"https://identifier.overheid.nl/tooi/id/gemeente/gm0394";"gemeente Haarlemmermeer";"Hostnet B.V. De Ruijterkade 6 1013AA Amsterdam Netherlands";"";"Reservering";""
"HLMRMEEROUDEMEER.NL";"Gemeente Haarlemmermeer";"https://identifier.overheid.nl/tooi/id/gemeente/gm0394";"gemeente Haarlemmermeer";"Hostnet B.V. De Ruijterkade 6 1013AA Amsterdam Netherlands";"";"Reservering";""
"HLMRMEERRIJSENHOUT.NL";"Gemeente Haarlemmermeer";"https://identifier.overheid.nl/tooi/id/gemeente/gm0394";"gemeente Haarlemmermeer";"Hostnet B.V. De Ruijterkade 6 1013AA Amsterdam Netherlands";"";"Reservering";""
"HLMRMEERROZENBURG.NL";"Gemeente Haarlemmermeer";"https://identifier.overheid.nl/tooi/id/gemeente/gm0394";"gemeente Haarlemmermeer";"Hostnet B.V. De Ruijterkade 6 1013AA Amsterdam Netherlands";"";"Reservering";""
"HLMRMEERSCHIPHOL-RIJK.NL";"Gemeente Haarlemmermeer";"https://identifier.overheid.nl/tooi/id/gemeente/gm0394";"gemeente Haarlemmermeer";"Hostnet B.V. De Ruijterkade 6 1013AA Amsterdam Netherlands";"";"Reservering";""
"HLMRMEERSCHIPHOL.NL";"Gemeente Haarlemmermeer";"https://identifier.overheid.nl/tooi/id/gemeente/gm0394";"gemeente Haarlemmermeer";"Hostnet B.V. De Ruijterkade 6 1013AA Amsterdam Netherlands";"";"Reservering";""
"HLMRMEERTKABEL.NL";"Gemeente Haarlemmermeer";"https://identifier.overheid.nl/tooi/id/gemeente/gm0394";"gemeente Haarlemmermeer";"Hostnet B.V. De Ruijterkade 6 1013AA Amsterdam Netherlands";"";"Reservering";""
"HLMRMEERVIJFHUIZEN.NL";"Gemeente Haarlemmermeer";"https://identifier.overheid.nl/tooi/id/gemeente/gm0394";"gemeente Haarlemmermeer";"Hostnet B.V. De Ruijterkade 6 1013AA Amsterdam Netherlands";"";"Reservering";""
"HLMRMEERWETERINGBRUG.NL";"Gemeente Haarlemmermeer";"https://identifier.overheid.nl/tooi/id/gemeente/gm0394";"gemeente Haarlemmermeer";"Hostnet B.V. De Ruijterkade 6 1013AA Amsterdam Netherlands";"";"Reservering";""
"HLMRMEERZWAANSHOEK.NL";"Gemeente Haarlemmermeer";"https://identifier.overheid.nl/tooi/id/gemeente/gm0394";"gemeente Haarlemmermeer";"Hostnet B.V. De Ruijterkade 6 1013AA Amsterdam Netherlands";"";"Reservering";""
"HLMRMEERZWANENBURG.NL";"Gemeente Haarlemmermeer";"https://identifier.overheid.nl/tooi/id/gemeente/gm0394";"gemeente Haarlemmermeer";"Hostnet B.V. De Ruijterkade 6 1013AA Amsterdam Netherlands";"";"Reservering";""
"HOOFDDORP-CENTRAAL.NL";"Gemeente Haarlemmermeer";"https://identifier.overheid.nl/tooi/id/gemeente/gm0394";"gemeente Haarlemmermeer";"WebReus Beemdstraat 14 5652AB EINDHOVEN Netherlands";"";"Hosting";""
"HOOFDDORP-CENTRUM.NL";"Gemeente Haarlemmermeer";"https://identifier.overheid.nl/tooi/id/gemeente/gm0394";"gemeente Haarlemmermeer";"Hostnet B.V. De Ruijterkade 6 1013AA Amsterdam Netherlands";"";"Reservering";""
"HOOFDDORPCENTRAAL.NL";"Gemeente Haarlemmermeer";"https://identifier.overheid.nl/tooi/id/gemeente/gm0394";"gemeente Haarlemmermeer";"WebReus Beemdstraat 14 5652AB EINDHOVEN Netherlands";"";"Reservering";""
"HOOFDDORPCENTRUM.NL";"Gemeente Haarlemmermeer";"https://identifier.overheid.nl/tooi/id/gemeente/gm0394";"gemeente Haarlemmermeer";"Hostnet B.V. De Ruijterkade 6 1013AA Amsterdam Netherlands";"";"Reservering";""
"HOTELWEEKENDHAARLEMMERMEER.NL";"Gemeente Haarlemmermeer";"https://identifier.overheid.nl/tooi/id/gemeente/gm0394";"gemeente Haarlemmermeer";"Hostnet B.V. De Ruijterkade 6 1013AA Amsterdam Netherlands";"";"Reservering";""
"HOV-WESTTANGENT.NL";"Gemeente Haarlemmermeer";"https://identifier.overheid.nl/tooi/id/gemeente/gm0394";"gemeente Haarlemmermeer";"Hostnet B.V. De Ruijterkade 6 1013AA Amsterdam Netherlands";"";"Doorverwijzing";""
"INFORMEER-ONLINE.NL";"Gemeente Haarlemmermeer";"https://identifier.overheid.nl/tooi/id/gemeente/gm0394";"gemeente Haarlemmermeer";"Hostnet B.V. De Ruijterkade 6 1013AA Amsterdam Netherlands";"";"Doorverwijzing";""
"INFORMEERONLINE.NL";"Gemeente Haarlemmermeer";"https://identifier.overheid.nl/tooi/id/gemeente/gm0394";"gemeente Haarlemmermeer";"Hostnet B.V. De Ruijterkade 6 1013AA Amsterdam Netherlands";"";"Doorverwijzing";""
"INHETHARTVANHOLLAND.NL";"Gemeente Haarlemmermeer";"https://identifier.overheid.nl/tooi/id/gemeente/gm0394";"gemeente Haarlemmermeer";"Hostnet B.V. De Ruijterkade 6 1013AA Amsterdam Netherlands";"";"Reservering";""
"JAARVANDESPORT.NL";"Gemeente Haarlemmermeer";"https://identifier.overheid.nl/tooi/id/gemeente/gm0394";"gemeente Haarlemmermeer";"Hostnet B.V. De Ruijterkade 6 1013AA Amsterdam Netherlands";"";"Reservering";""
"JAARVANDESPORT.COM";"Gemeente Haarlemmermeer";"https://identifier.overheid.nl/tooi/id/gemeente/gm0394";"gemeente Haarlemmermeer";"Hostnet B.V. De Ruijterkade 6 1013AA Amsterdam Netherlands";"";"Reservering";""
"JOUWBADHOEVEDORP.NL";"Gemeente Haarlemmermeer";"https://identifier.overheid.nl/tooi/id/gemeente/gm0394";"gemeente Haarlemmermeer";"Hostnet B.V. De Ruijterkade 6 1013AA Amsterdam Netherlands";"";"Hosting";""
"JOUWHAARLEMMERMEER.NL";"Gemeente Haarlemmermeer";"https://identifier.overheid.nl/tooi/id/gemeente/gm0394";"gemeente Haarlemmermeer";"Hostnet B.V. De Ruijterkade 6 1013AA Amsterdam Netherlands";"";"Reservering";""
"KANSENINJELOOPBAAN.NL";"Gemeente Haarlemmermeer";"https://identifier.overheid.nl/tooi/id/gemeente/gm0394";"gemeente Haarlemmermeer";"Hostnet B.V. De Ruijterkade 6 1013AA Amsterdam Netherlands";"";"Reservering";""
"LEVENMETDEVOEDSELBANK.NL";"Gemeente Haarlemmermeer";"https://identifier.overheid.nl/tooi/id/gemeente/gm0394";"gemeente Haarlemmermeer";"Hostnet B.V. De Ruijterkade 6 1013AA Amsterdam Netherlands";"";"Reservering";""
"MARKTOPENBARERUIMTE.NL";"Gemeente Haarlemmermeer";"https://identifier.overheid.nl/tooi/id/gemeente/gm0394";"gemeente Haarlemmermeer";"team.blue nl B.V. Vondellaan 47 2332AA Leiden Netherlands";"";"Reservering";""
"MEER-TEAM.NL";"Gemeente Haarlemmermeer";"https://identifier.overheid.nl/tooi/id/gemeente/gm0394";"gemeente Haarlemmermeer";"WebReus Beemdstraat 14 5652AB EINDHOVEN Netherlands";"";"Reservering";""
"MEEROVBUS.NL";"Gemeente Haarlemmermeer";"https://identifier.overheid.nl/tooi/id/gemeente/gm0394";"gemeente Haarlemmermeer";"Hostnet B.V. De Ruijterkade 6 1013AA Amsterdam Netherlands";"";"Doorverwijzing";""
"OD-NZKG.NL";"Gemeente Haarlemmermeer";"https://identifier.overheid.nl/tooi/id/gemeente/gm0394";"gemeente Haarlemmermeer";"WebReus Beemdstraat 14 5652AB EINDHOVEN Netherlands";"";"Reservering";""
"OMGEVINGSDIENST-NOORDZEEKANAALGEBIED.NL";"Gemeente Haarlemmermeer";"https://identifier.overheid.nl/tooi/id/gemeente/gm0394";"gemeente Haarlemmermeer";"WebReus Beemdstraat 14 5652AB EINDHOVEN Netherlands";"";"Reservering";""
"OMGEVINGSDIENST-NZKG.NL";"Gemeente Haarlemmermeer";"https://identifier.overheid.nl/tooi/id/gemeente/gm0394";"gemeente Haarlemmermeer";"WebReus Beemdstraat 14 5652AB EINDHOVEN Netherlands";"";"Reservering";""
"OMGEVINGSDIENSTNZKG.NL";"Gemeente Haarlemmermeer";"https://identifier.overheid.nl/tooi/id/gemeente/gm0394";"gemeente Haarlemmermeer";"WebReus Beemdstraat 14 5652AB EINDHOVEN Netherlands";"";"Reservering";""
"ONDERSTEUNINGSTEAMHMR.NL";"Gemeente Haarlemmermeer";"https://identifier.overheid.nl/tooi/id/gemeente/gm0394";"gemeente Haarlemmermeer";"WebReus Beemdstraat 14 5652AB EINDHOVEN Netherlands";"";"Reservering";""
"ONZKG.NL";"Gemeente Haarlemmermeer";"https://identifier.overheid.nl/tooi/id/gemeente/gm0394";"gemeente Haarlemmermeer";"WebReus Beemdstraat 14 5652AB EINDHOVEN Netherlands";"";"Doorverwijzing";""
"ORGANISATIEKOERS.NL";"Gemeente Haarlemmermeer";"https://identifier.overheid.nl/tooi/id/gemeente/gm0394";"gemeente Haarlemmermeer";"Hostnet B.V. De Ruijterkade 6 1013AA Amsterdam Netherlands";"";"Reservering";""
"PARK21ZOMERWEKEN.NL";"Gemeente Haarlemmermeer";"https://identifier.overheid.nl/tooi/id/gemeente/gm0394";"gemeente Haarlemmermeer";"Hostnet B.V. De Ruijterkade 6 1013AA Amsterdam Netherlands";"";"Doorverwijzing";""
"PASPOORTBALIE.NL";"Gemeente Haarlemmermeer";"https://identifier.overheid.nl/tooi/id/gemeente/gm0394";"gemeente Haarlemmermeer";"Hostnet B.V. De Ruijterkade 6 1013AA Amsterdam Netherlands";"";"Doorverwijzing";""
"PERSONENALARMERING-HAARLEMMERMEER.NL";"Gemeente Haarlemmermeer";"https://identifier.overheid.nl/tooi/id/gemeente/gm0394";"gemeente Haarlemmermeer";"Hostnet B.V. De Ruijterkade 6 1013AA Amsterdam Netherlands";"";"Doorverwijzing";""
"RANDLOOSDENKEN.NL";"Gemeente Haarlemmermeer";"https://identifier.overheid.nl/tooi/id/gemeente/gm0394";"gemeente Haarlemmermeer";"WebReus Beemdstraat 14 5652AB EINDHOVEN Netherlands";"";"Reservering";""
"REGELHULPHAARLEMMERMEER.NL";"Gemeente Haarlemmermeer";"https://identifier.overheid.nl/tooi/id/gemeente/gm0394";"gemeente Haarlemmermeer";"Hostnet B.V. De Ruijterkade 6 1013AA Amsterdam Netherlands";"";"Reservering";""
"RINGDIJK-RINGVAART.NL";"Gemeente Haarlemmermeer";"https://identifier.overheid.nl/tooi/id/gemeente/gm0394";"gemeente Haarlemmermeer";"Hostnet B.V. De Ruijterkade 6 1013AA Amsterdam Netherlands";"";"Doorverwijzing";""
"SLOTERBRUG.NL";"Gemeente Haarlemmermeer";"https://identifier.overheid.nl/tooi/id/gemeente/gm0394";"gemeente Haarlemmermeer";"Hostnet B.V. De Ruijterkade 6 1013AA Amsterdam Netherlands";"";"Doorverwijzing";""
"SPOORZONEHOOFDDORP.NL";"Gemeente Haarlemmermeer";"https://identifier.overheid.nl/tooi/id/gemeente/gm0394";"gemeente Haarlemmermeer";"Hostnet B.V. De Ruijterkade 6 1013AA Amsterdam Netherlands";"";"Doorverwijzing";""
"STADSCENTRUMHOOFDDORP.NL";"Gemeente Haarlemmermeer";"https://identifier.overheid.nl/tooi/id/gemeente/gm0394";"gemeente Haarlemmermeer";"Hostnet B.V. De Ruijterkade 6 1013AA Amsterdam Netherlands";"";"Doorverwijzing";""
"STATIONSKWARTIERHOOFDDORP.NL";"Gemeente Haarlemmermeer";"https://identifier.overheid.nl/tooi/id/gemeente/gm0394";"gemeente Haarlemmermeer";"Hostnet B.V. De Ruijterkade 6 1013AA Amsterdam Netherlands";"";"Doorverwijzing";""
"STHAARLEMMERMEER.NL";"Gemeente Haarlemmermeer";"https://identifier.overheid.nl/tooi/id/gemeente/gm0394";"gemeente Haarlemmermeer";"WebReus Beemdstraat 14 5652AB EINDHOVEN Netherlands";"";"Reservering";""
"THEAIRPORTCITY.NL";"Gemeente Haarlemmermeer";"https://identifier.overheid.nl/tooi/id/gemeente/gm0394";"gemeente Haarlemmermeer";"Hostnet B.V. De Ruijterkade 6 1013AA Amsterdam Netherlands";"";"Doorverwijzing";""
"UITINHAARLEMMERMEER.NL";"Gemeente Haarlemmermeer";"https://identifier.overheid.nl/tooi/id/gemeente/gm0394";"gemeente Haarlemmermeer";"Hostnet B.V. De Ruijterkade 6 1013AA Amsterdam Netherlands";"";"Doorverwijzing";""
"VISIT-HAARLEMMERMEER.COM";"Gemeente Haarlemmermeer";"https://identifier.overheid.nl/tooi/id/gemeente/gm0394";"gemeente Haarlemmermeer";"Hostnet B.V. De Ruijterkade 6 1013AA Amsterdam Netherlands";"";"Doorverwijzing";""
"VISITHAARLEMMERMEER.NL";"Gemeente Haarlemmermeer";"https://identifier.overheid.nl/tooi/id/gemeente/gm0394";"gemeente Haarlemmermeer";"Hostnet B.V. De Ruijterkade 6 1013AA Amsterdam Netherlands";"";"Hosting";""
"VISITHOOFDDORP.NL";"Gemeente Haarlemmermeer";"https://identifier.overheid.nl/tooi/id/gemeente/gm0394";"gemeente Haarlemmermeer";"Hostnet B.V. De Ruijterkade 6 1013AA Amsterdam Netherlands";"";"Doorverwijzing";""
"WARMRIJSENHOUT.NL";"Gemeente Haarlemmermeer";"https://identifier.overheid.nl/tooi/id/gemeente/gm0394";"gemeente Haarlemmermeer";"Hostnet B.V. De Ruijterkade 6 1013AA Amsterdam Netherlands";"";"Reservering";""
"WELZIJNSWIJZERHAARLEMMERMEER.NL";"Gemeente Haarlemmermeer";"https://identifier.overheid.nl/tooi/id/gemeente/gm0394";"gemeente Haarlemmermeer";"Hostnet B.V. De Ruijterkade 6 1013AA Amsterdam Netherlands";"";"Reservering";""
"WERKENBIJHAARLEMMERMEER.NL";"Gemeente Haarlemmermeer";"https://identifier.overheid.nl/tooi/id/gemeente/gm0394";"gemeente Haarlemmermeer";"Hostnet B.V. De Ruijterkade 6 1013AA Amsterdam Netherlands";"";"Hosting";""
"WSPHAARLEMMERMEER.NL";"Gemeente Haarlemmermeer";"https://identifier.overheid.nl/tooi/id/gemeente/gm0394";"gemeente Haarlemmermeer";"WebReus Beemdstraat 14 5652AB EINDHOVEN Netherlands";"";"Doorverwijzing";""
"heeze-leende.nl";"Gemeente Heeze-Leende";"https://identifier.overheid.nl/tooi/id/gemeente/gm1658";"Gemeente Heeze-Leende";"";"";"E-mail";""
"bouwenaanhilversum.nl";"Gemeente Hilversum";"https://identifier.overheid.nl/tooi/id/gemeente/gm0402";"Onbekend";"";"";"Onbekend";""
"hilversum.nl";"Gemeente Hilversum";"https://identifier.overheid.nl/tooi/id/gemeente/gm0402";"Onbekend";"";"";"Onbekend";""
"hoogeveen.nl";"Gemeente Hoogeveen";"https://identifier.overheid.nl/tooi/id/gemeente/gm0118";"Gemeente Hoogeveen";"team.blue nl B.V., Vondellaan 47, 2332AA Leiden, Netherlands";"20-06-1997";"Hosting";""
"dethuisgevers.nl";"Gemeente Kampen";"https://identifier.overheid.nl/tooi/id/gemeente/gm0166";"Onbekend";"";"";"Onbekend";""
"kampen.nl";"Gemeente Kampen";"https://identifier.overheid.nl/tooi/id/gemeente/gm0166";"Onbekend";"";"";"Onbekend";""
"kavelsinkampen.nl";"Gemeente Kampen";"https://identifier.overheid.nl/tooi/id/gemeente/gm0166";"Onbekend";"";"";"Onbekend";""
"reevedelta.nl";"Gemeente Kampen";"https://identifier.overheid.nl/tooi/id/gemeente/gm0166";"Onbekend";"";"";"Onbekend";""
"stadsarchiefkampen.nl";"Gemeente Kampen";"https://identifier.overheid.nl/tooi/id/gemeente/gm0166";"Onbekend";"";"";"Onbekend";""
"stedelijkmuseumkampen.nl";"Gemeente Kampen";"https://identifier.overheid.nl/tooi/id/gemeente/gm0166";"Onbekend";"";"";"Onbekend";""
"landvancuijk.nl";"Gemeente Land van Cuijk";"https://identifier.overheid.nl/tooi/id/gemeente/gm1982";"Onbekend";"";"";"Onbekend";""
"gemeentelandvancuijk.nl";"Gemeente Land van Cuijk";"https://identifier.overheid.nl/tooi/id/gemeente/gm1982";"Onbekend";"";"";"Onbekend";""
"boxmeer.nl";"Gemeente Land van Cuijk";"https://identifier.overheid.nl/tooi/id/gemeente/gm1982";"Onbekend";"";"";"Onbekend";""
"cjglandvancuijk.nl";"Gemeente Land van Cuijk";"https://identifier.overheid.nl/tooi/id/gemeente/gm1982";"Onbekend";"";"";"Onbekend";""
"cgm.nl";"Gemeente Land van Cuijk";"https://identifier.overheid.nl/tooi/id/gemeente/gm1982";"Onbekend";"";"";"Onbekend";""
"cuijk.nl";"Gemeente Land van Cuijk";"https://identifier.overheid.nl/tooi/id/gemeente/gm1982";"Onbekend";"";"";"Onbekend";""
"gemeente-landvancuijk.nl";"Gemeente Land van Cuijk";"https://identifier.overheid.nl/tooi/id/gemeente/gm1982";"Onbekend";"";"";"Onbekend";""
"gemeentelandvancuijk.eu";"Gemeente Land van Cuijk";"https://identifier.overheid.nl/tooi/id/gemeente/gm1982";"Onbekend";"";"";"Onbekend";""
"gemeentelandvancuijk.online";"Gemeente Land van Cuijk";"https://identifier.overheid.nl/tooi/id/gemeente/gm1982";"Onbekend";"";"";"Onbekend";""
"grave.nl";"Gemeente Land van Cuijk";"https://identifier.overheid.nl/tooi/id/gemeente/gm1982";"Onbekend";"";"";"Onbekend";""
"landvancuijk.online";"Gemeente Land van Cuijk";"https://identifier.overheid.nl/tooi/id/gemeente/gm1982";"Onbekend";"";"";"Onbekend";""
"millensinthubert.nl";"Gemeente Land van Cuijk";"https://identifier.overheid.nl/tooi/id/gemeente/gm1982";"Onbekend";"";"";"Onbekend";""
"onslandvancuijk.eu";"Gemeente Land van Cuijk";"https://identifier.overheid.nl/tooi/id/gemeente/gm1982";"Onbekend";"";"";"Onbekend";""
"onslandvancuijk.nl";"Gemeente Land van Cuijk";"https://identifier.overheid.nl/tooi/id/gemeente/gm1982";"Onbekend";"";"";"Onbekend";""
"onslandvancuijk.nu";"Gemeente Land van Cuijk";"https://identifier.overheid.nl/tooi/id/gemeente/gm1982";"Onbekend";"";"";"Onbekend";""
"werkenbijlandvancuijk.nl";"Gemeente Land van Cuijk";"https://identifier.overheid.nl/tooi/id/gemeente/gm1982";"Onbekend";"";"";"Onbekend";""
"kavelkaarten.nl";"Gemeente Land van Cuijk";"https://identifier.overheid.nl/tooi/id/gemeente/gm1982";"Onbekend";"";"";"Onbekend";""
"landvancuijkwoont.nl";"Gemeente Land van Cuijk";"https://identifier.overheid.nl/tooi/id/gemeente/gm1982";"Onbekend";"";"";"Onbekend";""
"lingewaard.nl";"Gemeente Lingewaard";"https://identifier.overheid.nl/tooi/id/gemeente/gm1705";"Onbekend";"";"";"Onbekend";""
"meedoeninlingewaard.nl";"Gemeente Lingewaard";"https://identifier.overheid.nl/tooi/id/gemeente/gm1705";"Onbekend";"";"";"Onbekend";""
"abczwemmenmaastricht.nl";"Gemeente Maastricht";"https://identifier.overheid.nl/tooi/id/gemeente/gm0935";"Onbekend";"";"";"Onbekend";""
"bedrijfscontactpunt.nl";"Gemeente Maastricht";"https://identifier.overheid.nl/tooi/id/gemeente/gm0935";"Onbekend";"";"";"Onbekend";""
"begraafplaatstongerseweg.nl";"Gemeente Maastricht";"https://identifier.overheid.nl/tooi/id/gemeente/gm0935";"Onbekend";"";"";"Onbekend";""
"belvedere-maastricht.nl";"Gemeente Maastricht";"https://identifier.overheid.nl/tooi/id/gemeente/gm0935";"Onbekend";"";"";"Onbekend";""
"beweeginmaastricht.nl";"Gemeente Maastricht";"https://identifier.overheid.nl/tooi/id/gemeente/gm0935";"Onbekend";"";"";"Onbekend";""
"burgerbegrotingmaastricht.nl";"Gemeente Maastricht";"https://identifier.overheid.nl/tooi/id/gemeente/gm0935";"Onbekend";"";"";"Onbekend";""
"centreceramique.nl";"Gemeente Maastricht";"https://identifier.overheid.nl/tooi/id/gemeente/gm0935";"Onbekend";"";"";"Onbekend";""
"cultuurmakersmaastricht.nl";"Gemeente Maastricht";"https://identifier.overheid.nl/tooi/id/gemeente/gm0935";"Onbekend";"";"";"Onbekend";""
"expatcentremaastrichtregion.nl";"Gemeente Maastricht";"https://identifier.overheid.nl/tooi/id/gemeente/gm0935";"Onbekend";"";"";"Onbekend";""
"geldwijzermaastricht.nl";"Gemeente Maastricht";"https://identifier.overheid.nl/tooi/id/gemeente/gm0935";"Onbekend";"";"";"Onbekend";""
"gemeentemaastricht.nl";"Gemeente Maastricht";"https://identifier.overheid.nl/tooi/id/gemeente/gm0935";"Onbekend";"";"";"Onbekend";""
"geusseltbad.nl";"Gemeente Maastricht";"https://identifier.overheid.nl/tooi/id/gemeente/gm0935";"Onbekend";"";"";"Onbekend";""
"jeugdhulpzuidlimburg.nl";"Gemeente Maastricht";"https://identifier.overheid.nl/tooi/id/gemeente/gm0935";"Onbekend";"";"";"Onbekend";""
"kumulus.nl";"Gemeente Maastricht";"https://identifier.overheid.nl/tooi/id/gemeente/gm0935";"Onbekend";"";"";"Onbekend";""
"learnmaastricht.nl";"Gemeente Maastricht";"https://identifier.overheid.nl/tooi/id/gemeente/gm0935";"Onbekend";"";"";"Onbekend";""
"maastrichtbeleid.nl";"Gemeente Maastricht";"https://identifier.overheid.nl/tooi/id/gemeente/gm0935";"Onbekend";"";"";"Onbekend";""
"maastrichtforum.nl";"Gemeente Maastricht";"https://identifier.overheid.nl/tooi/id/gemeente/gm0935";"Onbekend";"";"";"Onbekend";""
"maastrichtmuseum.nl";"Gemeente Maastricht";"https://identifier.overheid.nl/tooi/id/gemeente/gm0935";"Onbekend";"";"";"Onbekend";""
"maastrichtsport.nl";"Gemeente Maastricht";"https://identifier.overheid.nl/tooi/id/gemeente/gm0935";"Onbekend";"";"";"Onbekend";""
"maastrichtportal.nl";"Gemeente Maastricht";"https://identifier.overheid.nl/tooi/id/gemeente/gm0935";"Onbekend";"";"";"Onbekend";""
"musicasacramaastricht.nl";"Gemeente Maastricht";"https://identifier.overheid.nl/tooi/id/gemeente/gm0935";"Onbekend";"";"";"Onbekend";""
"socialezaken-mh.nl";"Gemeente Maastricht";"https://identifier.overheid.nl/tooi/id/gemeente/gm0935";"Onbekend";"";"";"Onbekend";""
"thuisinmaastricht.nl";"Gemeente Maastricht";"https://identifier.overheid.nl/tooi/id/gemeente/gm0935";"Onbekend";"";"";"Onbekend";""
"welcometomaastrichtregion.com";"Gemeente Maastricht";"https://identifier.overheid.nl/tooi/id/gemeente/gm0935";"Onbekend";"";"";"Onbekend";""
"werkenvoormaastricht.nl";"Gemeente Maastricht";"https://identifier.overheid.nl/tooi/id/gemeente/gm0935";"Onbekend";"";"";"Onbekend";""
"zichtopmaastricht.nl";"Gemeente Maastricht";"https://identifier.overheid.nl/tooi/id/gemeente/gm0935";"Onbekend";"";"";"Onbekend";""
"bezoekschijndel.nl";"Gemeente Meierijstad";"https://identifier.overheid.nl/tooi/id/gemeente/gm1948";"Onbekend";"";"";"Onbekend";""
"bezoekveghel.nl";"Gemeente Meierijstad";"https://identifier.overheid.nl/tooi/id/gemeente/gm1948";"Onbekend";"";"";"Onbekend";""
"bizzi.nl";"Gemeente Meierijstad";"https://identifier.overheid.nl/tooi/id/gemeente/gm1948";"Onbekend";"";"";"Onbekend";""
"brabantwoontslim.nl";"Gemeente Meierijstad";"https://identifier.overheid.nl/tooi/id/gemeente/gm1948";"Onbekend";"";"";"Onbekend";""
"cjgschijndel.nl";"Gemeente Meierijstad";"https://identifier.overheid.nl/tooi/id/gemeente/gm1948";"Onbekend";"";"";"Onbekend";""
"deneul.nl";"Gemeente Meierijstad";"https://identifier.overheid.nl/tooi/id/gemeente/gm1948";"Onbekend";"";"";"Onbekend";""
"dorusvanoorschot.nl";"Gemeente Meierijstad";"https://identifier.overheid.nl/tooi/id/gemeente/gm1948";"Onbekend";"";"";"Onbekend";""
"duurzaammeierijstad.nl";"Gemeente Meierijstad";"https://identifier.overheid.nl/tooi/id/gemeente/gm1948";"Onbekend";"";"";"Onbekend";""
"energiehuis-meierijstad.nl";"Gemeente Meierijstad";"https://identifier.overheid.nl/tooi/id/gemeente/gm1948";"Onbekend";"";"";"Onbekend";""
"foodparkveghel.nl";"Gemeente Meierijstad";"https://identifier.overheid.nl/tooi/id/gemeente/gm1948";"Onbekend";"";"";"Onbekend";""
"janheesters.nl";"Gemeente Meierijstad";"https://identifier.overheid.nl/tooi/id/gemeente/gm1948";"Onbekend";"";"";"Onbekend";""
"kleksi.com";"Gemeente Meierijstad";"https://identifier.overheid.nl/tooi/id/gemeente/gm1948";"Onbekend";"";"";"Onbekend";""
"kloosterkwartierveghel.nl";"Gemeente Meierijstad";"https://identifier.overheid.nl/tooi/id/gemeente/gm1948";"Onbekend";"";"";"Onbekend";""
"kunstcollectiemeierijstad.nl";"Gemeente Meierijstad";"https://identifier.overheid.nl/tooi/id/gemeente/gm1948";"Onbekend";"";"";"Onbekend";""
"landschapsparkvlagheide.nl";"Gemeente Meierijstad";"https://identifier.overheid.nl/tooi/id/gemeente/gm1948";"Onbekend";"";"";"Onbekend";""
"landschapsparkvlagheideberg.nl";"Gemeente Meierijstad";"https://identifier.overheid.nl/tooi/id/gemeente/gm1948";"Onbekend";"";"";"Onbekend";""
"meieriistad.nl";"Gemeente Meierijstad";"https://identifier.overheid.nl/tooi/id/gemeente/gm1948";"Onbekend";"";"";"Onbekend";""
"meierijstadbeweegt.nl";"Gemeente Meierijstad";"https://identifier.overheid.nl/tooi/id/gemeente/gm1948";"Onbekend";"";"";"Onbekend";""
"meierijstad.biz";"Gemeente Meierijstad";"https://identifier.overheid.nl/tooi/id/gemeente/gm1948";"Onbekend";"";"";"Onbekend";""
"meierijstad.com";"Gemeente Meierijstad";"https://identifier.overheid.nl/tooi/id/gemeente/gm1948";"Onbekend";"";"";"Onbekend";""
"meierijstad.dev";"Gemeente Meierijstad";"https://identifier.overheid.nl/tooi/id/gemeente/gm1948";"Onbekend";"";"";"Onbekend";""
"meierijstad.eu";"Gemeente Meierijstad";"https://identifier.overheid.nl/tooi/id/gemeente/gm1948";"Onbekend";"";"";"Onbekend";""
"meierijstad.info";"Gemeente Meierijstad";"https://identifier.overheid.nl/tooi/id/gemeente/gm1948";"Onbekend";"";"";"Onbekend";""
"meierijstad.org";"Gemeente Meierijstad";"https://identifier.overheid.nl/tooi/id/gemeente/gm1948";"Onbekend";"";"";"Onbekend";""
"meierijstadherdenkt.nl";"Gemeente Meierijstad";"https://identifier.overheid.nl/tooi/id/gemeente/gm1948";"Onbekend";"";"";"Onbekend";""
"meierijstadmijmert.nl";"Gemeente Meierijstad";"https://identifier.overheid.nl/tooi/id/gemeente/gm1948";"Onbekend";"";"";"Onbekend";""
"meierijstadvoorondernemers.nl";"Gemeente Meierijstad";"https://identifier.overheid.nl/tooi/id/gemeente/gm1948";"Onbekend";"";"";"Onbekend";""
"meierstad.nl";"Gemeente Meierijstad";"https://identifier.overheid.nl/tooi/id/gemeente/gm1948";"Onbekend";"";"";"Onbekend";""
"meijerijstad.nl";"Gemeente Meierijstad";"https://identifier.overheid.nl/tooi/id/gemeente/gm1948";"Onbekend";"";"";"Onbekend";""
"mijnpim.nu";"Gemeente Meierijstad";"https://identifier.overheid.nl/tooi/id/gemeente/gm1948";"Onbekend";"";"";"Onbekend";""
"museumjanheestershuis.nl";"Gemeente Meierijstad";"https://identifier.overheid.nl/tooi/id/gemeente/gm1948";"Onbekend";"";"";"Onbekend";""
"museummeierijstad.com";"Gemeente Meierijstad";"https://identifier.overheid.nl/tooi/id/gemeente/gm1948";"Onbekend";"";"";"Onbekend";""
"museummeierijstad.nl";"Gemeente Meierijstad";"https://identifier.overheid.nl/tooi/id/gemeente/gm1948";"Onbekend";"";"";"Onbekend";""
"natuurtuinbundertje.nl";"Gemeente Meierijstad";"https://identifier.overheid.nl/tooi/id/gemeente/gm1948";"Onbekend";"";"";"Onbekend";""
"optimisd.nl";"Gemeente Meierijstad";"https://identifier.overheid.nl/tooi/id/gemeente/gm1948";"Onbekend";"";"";"Onbekend";""
"toekomstvisie-meierijstad.nl";"Gemeente Meierijstad";"https://identifier.overheid.nl/tooi/id/gemeente/gm1948";"Onbekend";"";"";"Onbekend";""
"pimwerkt.nu";"Gemeente Meierijstad";"https://identifier.overheid.nl/tooi/id/gemeente/gm1948";"Onbekend";"";"";"Onbekend";""
"pimacademy.nu";"Gemeente Meierijstad";"https://identifier.overheid.nl/tooi/id/gemeente/gm1948";"Onbekend";"";"";"Onbekend";""
"pimactief.nu";"Gemeente Meierijstad";"https://identifier.overheid.nl/tooi/id/gemeente/gm1948";"Onbekend";"";"";"Onbekend";""
"pimleerwerkbedrijf.nu";"Gemeente Meierijstad";"https://identifier.overheid.nl/tooi/id/gemeente/gm1948";"Onbekend";"";"";"Onbekend";""
"pimsupport.nu";"Gemeente Meierijstad";"https://identifier.overheid.nl/tooi/id/gemeente/gm1948";"Onbekend";"";"";"Onbekend";""
"pimvitaal.nu";"Gemeente Meierijstad";"https://identifier.overheid.nl/tooi/id/gemeente/gm1948";"Onbekend";"";"";"Onbekend";""
"pimwelkom.nu";"Gemeente Meierijstad";"https://identifier.overheid.nl/tooi/id/gemeente/gm1948";"Onbekend";"";"";"Onbekend";""
"raadhuisschijndel.nl";"Gemeente Meierijstad";"https://identifier.overheid.nl/tooi/id/gemeente/gm1948";"Onbekend";"";"";"Onbekend";""
"raadmeierijstad.nl";"Gemeente Meierijstad";"https://identifier.overheid.nl/tooi/id/gemeente/gm1948";"Onbekend";"";"";"Onbekend";""
"schijndel.nl";"Gemeente Meierijstad";"https://identifier.overheid.nl/tooi/id/gemeente/gm1948";"Onbekend";"";"";"Onbekend";""
"schijndelontmoet.nl";"Gemeente Meierijstad";"https://identifier.overheid.nl/tooi/id/gemeente/gm1948";"Onbekend";"";"";"Onbekend";""
"sint-oedenrode.nl";"Gemeente Meierijstad";"https://identifier.overheid.nl/tooi/id/gemeente/gm1948";"Onbekend";"";"";"Onbekend";""
"skipdietrip.nl";"Gemeente Meierijstad";"https://identifier.overheid.nl/tooi/id/gemeente/gm1948";"Onbekend";"";"";"Onbekend";""
"sociaalwijkteamschijndel.nl";"Gemeente Meierijstad";"https://identifier.overheid.nl/tooi/id/gemeente/gm1948";"Onbekend";"";"";"Onbekend";""
"sportawardsmeierijstad.nl";"Gemeente Meierijstad";"https://identifier.overheid.nl/tooi/id/gemeente/gm1948";"Onbekend";"";"";"Onbekend";""
"sportbedrijf.com";"Gemeente Meierijstad";"https://identifier.overheid.nl/tooi/id/gemeente/gm1948";"Onbekend";"";"";"Onbekend";""
"sportmeierijstad.nl";"Gemeente Meierijstad";"https://identifier.overheid.nl/tooi/id/gemeente/gm1948";"Onbekend";"";"";"Onbekend";""
"ssvfusie.nl";"Gemeente Meierijstad";"https://identifier.overheid.nl/tooi/id/gemeente/gm1948";"Onbekend";"";"";"Onbekend";""
"veghel.nl";"Gemeente Meierijstad";"https://identifier.overheid.nl/tooi/id/gemeente/gm1948";"Onbekend";"";"";"Onbekend";""
"veghelsbuiten.nl";"Gemeente Meierijstad";"https://identifier.overheid.nl/tooi/id/gemeente/gm1948";"Onbekend";"";"";"Onbekend";""
"veghels-buiten.com";"Gemeente Meierijstad";"https://identifier.overheid.nl/tooi/id/gemeente/gm1948";"Onbekend";"";"";"Onbekend";""
"veghelsbuiten.com";"Gemeente Meierijstad";"https://identifier.overheid.nl/tooi/id/gemeente/gm1948";"Onbekend";"";"";"Onbekend";""
"visitmeierijstad.com";"Gemeente Meierijstad";"https://identifier.overheid.nl/tooi/id/gemeente/gm1948";"Onbekend";"";"";"Onbekend";""
"vlagheideberg.nl";"Gemeente Meierijstad";"https://identifier.overheid.nl/tooi/id/gemeente/gm1948";"Onbekend";"";"";"Onbekend";""
"voedsel-var.nl";"Gemeente Meierijstad";"https://identifier.overheid.nl/tooi/id/gemeente/gm1948";"Onbekend";"";"";"Onbekend";""
"werkenbijgemeentemeierijstad.nl";"Gemeente Meierijstad";"https://identifier.overheid.nl/tooi/id/gemeente/gm1948";"Onbekend";"";"";"Onbekend";""
"werkeninnoordoostbrabant.nl";"Gemeente Meierijstad";"https://identifier.overheid.nl/tooi/id/gemeente/gm1948";"Onbekend";"";"";"Onbekend";""
"zwembaddemolenhey.nl";"Gemeente Meierijstad";"https://identifier.overheid.nl/tooi/id/gemeente/gm1948";"Onbekend";"";"";"Onbekend";""
"meierijstad.nl";"Gemeente Meierijstad";"https://identifier.overheid.nl/tooi/id/gemeente/gm1948";"Onbekend";"";"";"Onbekend";""
"meppel.nl";"Gemeente Meppel";"https://identifier.overheid.nl/tooi/id/gemeente/gm0119";"Onbekend";"";"";"Onbekend";""
"actiefinnissewaard.nl";"Gemeente Nissewaard";"https://identifier.overheid.nl/tooi/id/gemeente/gm1930";"Onbekend";"";"";"Onbekend";""
"asd-nissewaard.nl";"Gemeente Nissewaard";"https://identifier.overheid.nl/tooi/id/gemeente/gm1930";"Onbekend";"";"";"Onbekend";""
"cvdks.nl";"Gemeente Nissewaard";"https://identifier.overheid.nl/tooi/id/gemeente/gm1930";"Onbekend";"";"";"Onbekend";""
"gemeentenissewaard.nl";"Gemeente Nissewaard";"https://identifier.overheid.nl/tooi/id/gemeente/gm1930";"Onbekend";"";"";"Onbekend";""
"nissewaardbespaart.nl";"Gemeente Nissewaard";"https://identifier.overheid.nl/tooi/id/gemeente/gm1930";"Onbekend";"";"";"Onbekend";""
"nissewaardwoont.nl";"Gemeente Nissewaard";"https://identifier.overheid.nl/tooi/id/gemeente/gm1930";"Onbekend";"";"";"Onbekend";""
"nissewaard.nl";"Gemeente Nissewaard";"https://identifier.overheid.nl/tooi/id/gemeente/gm1930";"Onbekend";"";"";"Onbekend";""
"reinis.nl";"Gemeente Nissewaard";"https://identifier.overheid.nl/tooi/id/gemeente/gm1930";"Onbekend";"";"";"Onbekend";""
"spijkenissefestival.nl";"Gemeente Nissewaard";"https://identifier.overheid.nl/tooi/id/gemeente/gm1930";"Onbekend";"";"";"Onbekend";""
"stembureau-nissewaard.nl";"Gemeente Nissewaard";"https://identifier.overheid.nl/tooi/id/gemeente/gm1930";"Onbekend";"";"";"Onbekend";""
"theaterdestoep.nl";"Gemeente Nissewaard";"https://identifier.overheid.nl/tooi/id/gemeente/gm1930";"Onbekend";"";"";"Onbekend";""
"thuisinnissewaard.nl";"Gemeente Nissewaard";"https://identifier.overheid.nl/tooi/id/gemeente/gm1930";"Onbekend";"";"";"Onbekend";""
"toekomstnissewaard.nl";"Gemeente Nissewaard";"https://identifier.overheid.nl/tooi/id/gemeente/gm1930";"Onbekend";"";"";"Onbekend";""
"vpwerkt.nl";"Gemeente Nissewaard";"https://identifier.overheid.nl/tooi/id/gemeente/gm1930";"Onbekend";"";"";"Onbekend";""
"werkenvoornissewaard.nl";"Gemeente Nissewaard";"https://identifier.overheid.nl/tooi/id/gemeente/gm1930";"Onbekend";"";"";"Onbekend";""
"wijdoengroen.nu";"Gemeente Nissewaard";"https://identifier.overheid.nl/tooi/id/gemeente/gm1930";"Onbekend";"";"";"Onbekend";""
"zorgkeuzenissewaard.nl";"Gemeente Nissewaard";"https://identifier.overheid.nl/tooi/id/gemeente/gm1930";"Onbekend";"";"";"Onbekend";""
"youngnissewaard.nl";"Gemeente Nissewaard";"https://identifier.overheid.nl/tooi/id/gemeente/gm1930";"Onbekend";"";"";"Onbekend";""
"beleefnissewaard.nl";"Gemeente Nissewaard";"https://identifier.overheid.nl/tooi/id/gemeente/gm1930";"Onbekend";"";"";"Onbekend";""
"biosaandemaas.nl";"Gemeente Nissewaard";"https://identifier.overheid.nl/tooi/id/gemeente/gm1930";"Onbekend";"";"";"Onbekend";""
"buurtpreventienissewaard.nl";"Gemeente Nissewaard";"https://identifier.overheid.nl/tooi/id/gemeente/gm1930";"Onbekend";"";"";"Onbekend";""
"eropuitnissewaard.nl";"Gemeente Nissewaard";"https://identifier.overheid.nl/tooi/id/gemeente/gm1930";"Onbekend";"";"";"Onbekend";""
"herstelbudgetnissewaard.nl";"Gemeente Nissewaard";"https://identifier.overheid.nl/tooi/id/gemeente/gm1930";"Onbekend";"";"";"Onbekend";""
"inspijkenisse.nl";"Gemeente Nissewaard";"https://identifier.overheid.nl/tooi/id/gemeente/gm1930";"Onbekend";"";"";"Onbekend";""
"kerngerichtwerken.nl";"Gemeente Nissewaard";"https://identifier.overheid.nl/tooi/id/gemeente/gm1930";"Onbekend";"";"";"Onbekend";""
"kinderboerderijspijkenisse.nl";"Gemeente Nissewaard";"https://identifier.overheid.nl/tooi/id/gemeente/gm1930";"Onbekend";"";"";"Onbekend";""
"leveninnissewaard.nl";"Gemeente Nissewaard";"https://identifier.overheid.nl/tooi/id/gemeente/gm1930";"Onbekend";"";"";"Onbekend";""
"magischheenvliet.nl";"Gemeente Nissewaard";"https://identifier.overheid.nl/tooi/id/gemeente/gm1930";"Onbekend";"";"";"Onbekend";""
"mijnnissewaard.nl";"Gemeente Nissewaard";"https://identifier.overheid.nl/tooi/id/gemeente/gm1930";"Onbekend";"";"";"Onbekend";""
"mooiwoneninnissewaard.nl";"Gemeente Nissewaard";"https://identifier.overheid.nl/tooi/id/gemeente/gm1930";"Onbekend";"";"";"Onbekend";""
"mooiwoneninspijkenisse.nl";"Gemeente Nissewaard";"https://identifier.overheid.nl/tooi/id/gemeente/gm1930";"Onbekend";"";"";"Onbekend";""
"nikswaard.nl";"Gemeente Nissewaard";"https://identifier.overheid.nl/tooi/id/gemeente/gm1930";"Onbekend";"";"";"Onbekend";""
"nisserwaard.nl";"Gemeente Nissewaard";"https://identifier.overheid.nl/tooi/id/gemeente/gm1930";"Onbekend";"";"";"Onbekend";""
"nissewaardverbindt.nl";"Gemeente Nissewaard";"https://identifier.overheid.nl/tooi/id/gemeente/gm1930";"Onbekend";"";"";"Onbekend";""
"nissewaardwerkt.nl";"Gemeente Nissewaard";"https://identifier.overheid.nl/tooi/id/gemeente/gm1930";"Onbekend";"";"";"Onbekend";""
"openstadnissewaard.nl";"Gemeente Nissewaard";"https://identifier.overheid.nl/tooi/id/gemeente/gm1930";"Onbekend";"";"";"Onbekend";""
"pulsmusic.nl";"Gemeente Nissewaard";"https://identifier.overheid.nl/tooi/id/gemeente/gm1930";"Onbekend";"";"";"Onbekend";""
"spijkenisse.nl";"Gemeente Nissewaard";"https://identifier.overheid.nl/tooi/id/gemeente/gm1930";"Onbekend";"";"";"Onbekend";""
"thuishavenvaneenwereldhaven.nl";"Gemeente Nissewaard";"https://identifier.overheid.nl/tooi/id/gemeente/gm1930";"Onbekend";"";"";"Onbekend";""
"thuisindewijknissewaard.nl";"Gemeente Nissewaard";"https://identifier.overheid.nl/tooi/id/gemeente/gm1930";"Onbekend";"";"";"Onbekend";""
"tidwnissewaard.nl";"Gemeente Nissewaard";"https://identifier.overheid.nl/tooi/id/gemeente/gm1930";"Onbekend";"";"";"Onbekend";""
"vliegerfestivalspijkenisse.nl";"Gemeente Nissewaard";"https://identifier.overheid.nl/tooi/id/gemeente/gm1930";"Onbekend";"";"";"Onbekend";""
"waarinnissewaard.nl";"Gemeente Nissewaard";"https://identifier.overheid.nl/tooi/id/gemeente/gm1930";"Onbekend";"";"";"Onbekend";""
"woneninjeelement.nl";"Gemeente Nissewaard";"https://identifier.overheid.nl/tooi/id/gemeente/gm1930";"Onbekend";"";"";"Onbekend";""
"wonennissewaard.nl";"Gemeente Nissewaard";"https://identifier.overheid.nl/tooi/id/gemeente/gm1930";"Onbekend";"";"";"Onbekend";""
"noardeast-fryslan.nl";"Gemeente Noardeast-Fryslân";"https://identifier.overheid.nl/tooi/id/gemeente/gm1970";"Onbekend";"";"";"Onbekend";""
"ljochtbus.nl";"Gemeente Noardeast-Fryslân";"https://identifier.overheid.nl/tooi/id/gemeente/gm1970";"Onbekend";"";"";"Onbekend";""
"offalkalinder.nl";"Gemeente Noardeast-Fryslân";"https://identifier.overheid.nl/tooi/id/gemeente/gm1970";"Onbekend";"";"";"Onbekend";""
"woneninnoordoostpolder.nl";"Gemeente Noordoostpolder";"https://identifier.overheid.nl/tooi/id/gemeente/gm0171";"Onbekend";"";"";"Onbekend";""
"oostgelre.nl";"Gemeente Oost Gelre";"https://identifier.overheid.nl/tooi/id/gemeente/gm1586";"Onbekend";"";"";"Onbekend";""
"sameninoostgelre.nl";"Gemeente Oost Gelre";"https://identifier.overheid.nl/tooi/id/gemeente/gm1586";"Onbekend";"";"";"Onbekend";""
"erfgoedoostachterhoek.nl";"Gemeente Oost Gelre";"https://identifier.overheid.nl/tooi/id/gemeente/gm1586";"Onbekend";"";"";"Onbekend";""
"ombudsmanoostgelre.nl";"Gemeente Oost Gelre";"https://identifier.overheid.nl/tooi/id/gemeente/gm1586";"Onbekend";"";"";"Onbekend";""
"bouwenenwoneninoostgelre.nl";"Gemeente Oost Gelre";"https://identifier.overheid.nl/tooi/id/gemeente/gm1586";"Onbekend";"";"";"Onbekend";""
"lichtenvoorde.nl";"Gemeente Oost Gelre";"https://identifier.overheid.nl/tooi/id/gemeente/gm1586";"Onbekend";"";"";"Onbekend";""
"preventieplatformjeugd.nl";"Gemeente Oost Gelre";"https://identifier.overheid.nl/tooi/id/gemeente/gm1586";"Onbekend";"";"";"Onbekend";""
"vrijetijdsmakelaar.nl";"Gemeente Oost Gelre";"https://identifier.overheid.nl/tooi/id/gemeente/gm1586";"Onbekend";"";"";"Onbekend";""
"1627doormijnogen.nl";"Gemeente Oost Gelre";"https://identifier.overheid.nl/tooi/id/gemeente/gm1586";"Onbekend";"";"";"Onbekend";""
"heeloostgelrebeweegt.nl";"Gemeente Oost Gelre";"https://identifier.overheid.nl/tooi/id/gemeente/gm1586";"Onbekend";"";"";"Onbekend";""
"werkenbijoudewater.nl";"Gemeente Oudewater";"https://identifier.overheid.nl/tooi/id/gemeente/gm0589";"Onbekend";"";"";"Onbekend";""
"oudewater.nl";"Gemeente Oudewater";"https://identifier.overheid.nl/tooi/id/gemeente/gm0589";"Onbekend";"";"";"Onbekend";""
"pijnacker-nootdorp.nl";"Gemeente Pijnacker-Nootdorp";"https://identifier.overheid.nl/tooi/id/gemeente/gm1926";"Gemeente Pijnacker-Nootdorp";"KPN, Wilhelminakade 123, 3072AP Rotterdam, Netherlands";"05-06-2001";"Onbekend";""
"ridderkerk.nl";"Gemeente Ridderkerk";"https://identifier.overheid.nl/tooi/id/gemeente/gm0597";"Onbekend";"";"";"Onbekend";""
"uitagendaridderkerk.nl";"Gemeente Ridderkerk";"https://identifier.overheid.nl/tooi/id/gemeente/gm0597";"Onbekend";"";"";"Onbekend";""
"werkenvoorridderkerk.nl";"Gemeente Ridderkerk";"https://identifier.overheid.nl/tooi/id/gemeente/gm0597";"Onbekend";"";"";"Onbekend";""
"mijnroosendaal.nl";"Gemeente Roosendaal";"https://identifier.overheid.nl/tooi/id/gemeente/gm1674";"Onbekend";"";"";"Onbekend";""
"roosendaal.nl";"Gemeente Roosendaal";"https://identifier.overheid.nl/tooi/id/gemeente/gm1674";"Onbekend";"";"";"Onbekend";""
"werkenvoorroosendaal.nl";"Gemeente Roosendaal";"https://identifier.overheid.nl/tooi/id/gemeente/gm1674";"Onbekend";"";"";"Onbekend";""
"simpelveld.nl";"Gemeente Simpelveld";"https://identifier.overheid.nl/tooi/id/gemeente/gm0965";"Gemeente Simpelveld";"Gemeente Heerlen CBS-weg 2 6412EZ HEERLEN";"";"Hosting";""
"simpelveld.eu";"Gemeente Simpelveld";"https://identifier.overheid.nl/tooi/id/gemeente/gm0965";"gemeente Simpelveld";"Solido IT";"";"Reservering";""
"toeristischsimpelveld.nl";"Gemeente Simpelveld";"https://identifier.overheid.nl/tooi/id/gemeente/gm0965";"Gemeente Simpelveld";"The Registrar Company B.V. Jan Campertlaan 2 3201AX Spijkenisse Netherlands";"";"Hosting";""
"toeristischsimpelveld.eu";"Gemeente Simpelveld";"https://identifier.overheid.nl/tooi/id/gemeente/gm0965";"gemeente Simpelveld";"The Registrar Compagny";"";"Doorverwijzing";""
"durpswinkel.nl";"Gemeente Simpelveld";"https://identifier.overheid.nl/tooi/id/gemeente/gm0965";"Gemeente Simpelveld";"The Registrar Company B.V. Jan Campertlaan 2 3201AX Spijkenisse Netherlands";"";"Hosting";""
"depoortvanhetmergelland.nl";"Gemeente Simpelveld";"https://identifier.overheid.nl/tooi/id/gemeente/gm0965";"gemeente Simpelveld";"Solido IT";"";"Reservering";""
"stoomstadjesimpelveld.com";"Gemeente Simpelveld";"https://identifier.overheid.nl/tooi/id/gemeente/gm0965";"gemeente Simpelveld";"The Registrar Compagny";"";"Doorverwijzing";""
"stoomstadjesimpelveld.nl";"Gemeente Simpelveld";"https://identifier.overheid.nl/tooi/id/gemeente/gm0965";"gemeente Simpelveld";"The Registrar Company B.V., Jan Campertlaan 2, 3201AX Spijkenisse, Netherlands";"02-12-2011";"Doorverwijzing";""
"simpelvelddaarbeginthet.nl";"Gemeente Simpelveld";"https://identifier.overheid.nl/tooi/id/gemeente/gm0965";"gemeente Simpelveld";"Solido IT voor overheden, CBS-weg 2, 6412EZ Heerlen, Netherlands";"20-08-2025";"Reservering";""
"wijsimpelveld.nl";"Gemeente Simpelveld";"https://identifier.overheid.nl/tooi/id/gemeente/gm0965";"Wijkconnect";"Realtime Register, Burgemeester Drijbersingel 51, 8021JB Zwolle, Netherlands";"14-12-2023";"Hosting";""
"goedverhuurderschapsimpelveld.nl";"Gemeente Simpelveld";"https://identifier.overheid.nl/tooi/id/gemeente/gm0965";"Stichting Huurteam Zuid-Limburg";"Metaregistrar B.V., Noothoven van Goorstraat 11 e, 2806RA Gouda, Netherlands";"31-12-2023";"Hosting";""
"impulssimpelveld.nl";"Gemeente Simpelveld";"https://identifier.overheid.nl/tooi/id/gemeente/gm0965";"Alcander";"Antagonist B.V., Capitool 10, 7521PL Enschede, Netherlands";"07-02-2024";"Hosting";""
"texel.nl";"Gemeente Texel";"https://identifier.overheid.nl/tooi/id/gemeente/gm0448";"Onbekend";"";"";"Onbekend";""
"queerguidetilburg.nl";"Gemeente Tilburg";"https://identifier.overheid.nl/tooi/id/gemeente/gm0855";"Onbekend";"";"";"Onbekend";""
"aandebakgarantietilburg.nl";"Gemeente Tilburg";"https://identifier.overheid.nl/tooi/id/gemeente/gm0855";"Onbekend";"";"";"Onbekend";""
"samenmetdejeugd.nl";"Gemeente Tilburg";"https://identifier.overheid.nl/tooi/id/gemeente/gm0855";"Onbekend";"";"";"Onbekend";""
"cupudo.nl";"Gemeente Tilburg";"https://identifier.overheid.nl/tooi/id/gemeente/gm0855";"Onbekend";"";"";"Onbekend";""
"duurzamertilburg.nl";"Gemeente Tilburg";"https://identifier.overheid.nl/tooi/id/gemeente/gm0855";"Onbekend";"";"";"Onbekend";""
"finbuddy.nl";"Gemeente Tilburg";"https://identifier.overheid.nl/tooi/id/gemeente/gm0855";"Onbekend";"";"";"Onbekend";""
"raadtilburg.nl";"Gemeente Tilburg";"https://identifier.overheid.nl/tooi/id/gemeente/gm0855";"Onbekend";"";"";"Onbekend";""
"deverkiezingenenik.nl";"Gemeente Tilburg";"https://identifier.overheid.nl/tooi/id/gemeente/gm0855";"Onbekend";"";"";"Onbekend";""
"maakjepunt.nl";"Gemeente Tilburg";"https://identifier.overheid.nl/tooi/id/gemeente/gm0855";"Onbekend";"";"";"Onbekend";""
"ibabs.com";"Gemeente Tilburg";"https://identifier.overheid.nl/tooi/id/gemeente/gm0855";"Onbekend";"";"";"Onbekend";""
"tilburg.nl";"Gemeente Tilburg";"https://identifier.overheid.nl/tooi/id/gemeente/gm0855";"Onbekend";"";"";"Onbekend";""
"leerplichtdoorstroompuntmiddenbrabant.nl";"Gemeente Tilburg";"https://identifier.overheid.nl/tooi/id/gemeente/gm0855";"Onbekend";"";"";"Onbekend";""
"lemontilburg.nl";"Gemeente Tilburg";"https://identifier.overheid.nl/tooi/id/gemeente/gm0855";"Onbekend";"";"";"Onbekend";""
"onderzoekscommissiechroom6.nl";"Gemeente Tilburg";"https://identifier.overheid.nl/tooi/id/gemeente/gm0855";"Onbekend";"";"";"Onbekend";""
"rekenkamertilburg.nl";"Gemeente Tilburg";"https://identifier.overheid.nl/tooi/id/gemeente/gm0855";"Onbekend";"";"";"Onbekend";""
"rozemaandag.nl";"Gemeente Tilburg";"https://identifier.overheid.nl/tooi/id/gemeente/gm0855";"Onbekend";"";"";"Onbekend";""
"spoorzonetilburg.nl";"Gemeente Tilburg";"https://identifier.overheid.nl/tooi/id/gemeente/gm0855";"Onbekend";"";"";"Onbekend";""
"fitenvitaaltilburg.nl";"Gemeente Tilburg";"https://identifier.overheid.nl/tooi/id/gemeente/gm0855";"Onbekend";"";"";"Onbekend";""
"sportintilburg.nl";"Gemeente Tilburg";"https://identifier.overheid.nl/tooi/id/gemeente/gm0855";"Onbekend";"";"";"Onbekend";""
"tryouttilburg.nl";"Gemeente Tilburg";"https://identifier.overheid.nl/tooi/id/gemeente/gm0855";"Onbekend";"";"";"Onbekend";""
"stadsbos013.nl";"Gemeente Tilburg";"https://identifier.overheid.nl/tooi/id/gemeente/gm0855";"Onbekend";"";"";"Onbekend";""
"t-helpt.nl";"Gemeente Tilburg";"https://identifier.overheid.nl/tooi/id/gemeente/gm0855";"Onbekend";"";"";"Onbekend";""
"vandaagvoorlater.nl";"Gemeente Tilburg";"https://identifier.overheid.nl/tooi/id/gemeente/gm0855";"Onbekend";"";"";"Onbekend";""
"werkeninkomentilburg.nl";"Gemeente Tilburg";"https://identifier.overheid.nl/tooi/id/gemeente/gm0855";"Onbekend";"";"";"Onbekend";""
"werkenvoortilburg.nl";"Gemeente Tilburg";"https://identifier.overheid.nl/tooi/id/gemeente/gm0855";"Onbekend";"";"";"Onbekend";""
"detilburgsekermis.nl";"Gemeente Tilburg";"https://identifier.overheid.nl/tooi/id/gemeente/gm0855";"Onbekend";"";"";"Onbekend";""
"valkenswaard.nl";"Gemeente Valkenswaard";"https://identifier.overheid.nl/tooi/id/gemeente/gm0858";"Gemeente Valkenswaard";"";"";"E-mail";""
"veendam.nl";"Gemeente Veendam";"https://identifier.overheid.nl/tooi/id/gemeente/gm0047";"Gemeente Veendam";"team.blue nl B.V. Vondellaan 47 2332AA Leiden Netherlands";"30-08-1997";"Hosting";""
"vanberesteyn.nl";"Gemeente Veendam";"https://identifier.overheid.nl/tooi/id/gemeente/gm0047";"Cultuurcentrum VanBeresteyn";"SLASH2 Boterdiep 117 4 9712LM GRONINGEN Netherlands";"";"Hosting";""
"tropiqua.nl";"Gemeente Veendam";"https://identifier.overheid.nl/tooi/id/gemeente/gm0047";"Gemeente Veendam";"team.blue nl B.V. Vondellaan 47 2332AA Leiden Netherlands";"05-04-2006";"Hosting";""
"werkenvoorgroningen.nl";"Gemeente Veendam";"https://identifier.overheid.nl/tooi/id/gemeente/gm0047";"Gemeente Midden Groningen";"CJ2 Hosting B.V. De Deimten 11 9747AV Groningen Netherlands";"27-11-2017";"Hosting";""
"buitenwoel-veendam.nl";"Gemeente Veendam";"https://identifier.overheid.nl/tooi/id/gemeente/gm0047";"Gemeente Veendam";"team.blue nl B.V. Vondellaan 47 2332AA Leiden Netherlands";"23-09-2005";"Hosting";"26-10-2025"
"dekompanjie.nl";"Gemeente Veendam";"https://identifier.overheid.nl/tooi/id/gemeente/gm0047";"De Kompanjie";"team.blue nl B.V. Vondellaan 47 2332AA Leiden Netherlands";"29-10-2010";"Hosting";""
"kerkhofveendam.nl";"Gemeente Veendam";"https://identifier.overheid.nl/tooi/id/gemeente/gm0047";"Gemeente Veendam";"Realtime Register Burgemeester Drijbersingel 51 8021JB Zwolle Netherlands";"18-04-2006";"Hosting";""
"shvw.nl";"Gemeente Veendam";"https://identifier.overheid.nl/tooi/id/gemeente/gm0047";"Gemeente Veendam";"team.blue nl B.V. Vondellaan 47 2332AA Leiden Netherlands";"30-07-2014";"Hosting";""
"veendambeweegt.nl";"Gemeente Veendam";"https://identifier.overheid.nl/tooi/id/gemeente/gm0047";"Gemeente Veendam";"Realtime Register Burgemeester Drijbersingel 51 8021JB Zwolle Netherlands";"30-11-2018";"Hosting";""
"veenjagerspad.nl";"Gemeente Veendam";"https://identifier.overheid.nl/tooi/id/gemeente/gm0047";"Gemeente Veendam";"Realtime Register Burgemeester Drijbersingel 51 8021JB Zwolle Netherlands";"";"Reservering";""
"woneninhetriet.nl";"Gemeente Veendam";"https://identifier.overheid.nl/tooi/id/gemeente/gm0047";"Gemeente Veendam";"team.blue nl B.V. Vondellaan 47 2332AA Leiden Netherlands";"";"Hosting";""
"adviesraadsociaaldomein-venlo.nl";"Gemeente Venlo";"https://identifier.overheid.nl/tooi/id/gemeente/gm0983";"Onbekend";"";"";"Onbekend";""
"venlo.nl";"Gemeente Venlo";"https://identifier.overheid.nl/tooi/id/gemeente/gm0983";"Onbekend";"";"";"Onbekend";""
"venlo.nu";"Gemeente Venlo";"https://identifier.overheid.nl/tooi/id/gemeente/gm0983";"Onbekend";"";"";"Onbekend";""
"venloonline.nl";"Gemeente Venlo";"https://identifier.overheid.nl/tooi/id/gemeente/gm0983";"Onbekend";"";"";"Onbekend";""
"vierpaardjesvenlo.nl";"Gemeente Venlo";"https://identifier.overheid.nl/tooi/id/gemeente/gm0983";"Onbekend";"";"";"Onbekend";""
"vitaalinvenlo.nl";"Gemeente Venlo";"https://identifier.overheid.nl/tooi/id/gemeente/gm0983";"Onbekend";"";"";"Onbekend";""
"broekgraaf.nl";"Gemeente Vijfheerenlanden";"https://identifier.overheid.nl/tooi/id/gemeente/gm1961";"Onbekend";"";"";"Onbekend";""
"helsdingen.nl";"Gemeente Vijfheerenlanden";"https://identifier.overheid.nl/tooi/id/gemeente/gm1961";"Onbekend";"";"";"Onbekend";""
"vijfheerenlandenactief.nl";"Gemeente Vijfheerenlanden";"https://identifier.overheid.nl/tooi/id/gemeente/gm1961";"Onbekend";"";"";"Onbekend";""
"vijfheerenlanden.nl";"Gemeente Vijfheerenlanden";"https://identifier.overheid.nl/tooi/id/gemeente/gm1961";"Onbekend";"";"";"Onbekend";""
"zorg4vijfheerenlanden.nl";"Gemeente Vijfheerenlanden";"https://identifier.overheid.nl/tooi/id/gemeente/gm1961";"Onbekend";"";"";"Onbekend";""
"archiefvlieland.nl";"Gemeente Vlieland";"https://identifier.overheid.nl/tooi/id/gemeente/gm0096";"Onbekend";"";"";"Onbekend";""
"vlieland.nl";"Gemeente Vlieland";"https://identifier.overheid.nl/tooi/id/gemeente/gm0096";"Onbekend";"";"";"Onbekend";""
"westerkwartier.nl";"Gemeente Westerkwartier";"https://identifier.overheid.nl/tooi/id/gemeente/gm1969";"Onbekend";"";"";"Onbekend";""
"kringloopwesterkwartier.nl";"Gemeente Westerkwartier";"https://identifier.overheid.nl/tooi/id/gemeente/gm1969";"Onbekend";"";"";"Onbekend";""
"novatec.nl";"Gemeente Westerkwartier";"https://identifier.overheid.nl/tooi/id/gemeente/gm1969";"Onbekend";"";"";"Onbekend";""
"vanarmnaarbeter.nl";"Gemeente Westerkwartier";"https://identifier.overheid.nl/tooi/id/gemeente/gm1969";"Onbekend";"";"";"Onbekend";""
"omgevingstrajectgrijpskerknorg.nl";"Gemeente Westerkwartier";"https://identifier.overheid.nl/tooi/id/gemeente/gm1969";"Onbekend";"";"";"Onbekend";""
"werkenbijwoerden.nl";"Gemeente Woerden";"https://identifier.overheid.nl/tooi/id/gemeente/gm0632";"Onbekend";"";"";"Onbekend";""
"snellerpoort.nl";"Gemeente Woerden";"https://identifier.overheid.nl/tooi/id/gemeente/gm0632";"Onbekend";"";"";"Onbekend";""
"woerden.nl";"Gemeente Woerden";"https://identifier.overheid.nl/tooi/id/gemeente/gm0632";"Onbekend";"";"";"Onbekend";""
"woerdenwijzer.nl";"Gemeente Woerden";"https://identifier.overheid.nl/tooi/id/gemeente/gm0632";"Onbekend";"";"";"Onbekend";""
"bereikbaarzoetermeer.nl";"Gemeente Zoetermeer";"https://identifier.overheid.nl/tooi/id/gemeente/gm0637";"Onbekend";"";"";"Onbekend";""
"energieloketzoetermeer.nl";"Gemeente Zoetermeer";"https://identifier.overheid.nl/tooi/id/gemeente/gm0637";"Onbekend";"";"";"Onbekend";""
"kavelszoetermeer.nl";"Gemeente Zoetermeer";"https://identifier.overheid.nl/tooi/id/gemeente/gm0637";"Onbekend";"";"";"Onbekend";""
"pvzoetermeer.nl";"Gemeente Zoetermeer";"https://identifier.overheid.nl/tooi/id/gemeente/gm0637";"Onbekend";"";"";"Onbekend";""
"scalebooster.nl";"Gemeente Zoetermeer";"https://identifier.overheid.nl/tooi/id/gemeente/gm0637";"Onbekend";"";"";"Onbekend";""
"welkom2.nl";"Gemeente Zoetermeer";"https://identifier.overheid.nl/tooi/id/gemeente/gm0637";"Onbekend";"";"";"Onbekend";""
"meerpunt.nl";"Gemeente Zoetermeer";"https://identifier.overheid.nl/tooi/id/gemeente/gm0637";"Onbekend";"";"";"Onbekend";""
"tzho.nl";"Gemeente Zoetermeer";"https://identifier.overheid.nl/tooi/id/gemeente/gm0637";"Onbekend";"";"";"Onbekend";""
"terzakehetondernemershuis.nl";"Gemeente Zoetermeer";"https://identifier.overheid.nl/tooi/id/gemeente/gm0637";"Onbekend";"";"";"Onbekend";""
"uitagendazoetermeer.nl";"Gemeente Zoetermeer";"https://identifier.overheid.nl/tooi/id/gemeente/gm0637";"Onbekend";"";"";"Onbekend";""
"vrijetijdzoetermeer.nl";"Gemeente Zoetermeer";"https://identifier.overheid.nl/tooi/id/gemeente/gm0637";"Onbekend";"";"";"Onbekend";""
"zoetermeer.nl";"Gemeente Zoetermeer";"https://identifier.overheid.nl/tooi/id/gemeente/gm0637";"Onbekend";"";"";"Onbekend";""
"zoetermeer.eu";"Gemeente Zoetermeer";"https://identifier.overheid.nl/tooi/id/gemeente/gm0637";"Onbekend";"";"";"Onbekend";""
"zoetermeerpas.nl";"Gemeente Zoetermeer";"https://identifier.overheid.nl/tooi/id/gemeente/gm0637";"Onbekend";"";"";"Onbekend";""
"zoetermeerwijzer.nl";"Gemeente Zoetermeer";"https://identifier.overheid.nl/tooi/id/gemeente/gm0637";"Onbekend";"";"";"Onbekend";""
"geheugenvanzoetermeer.nl";"Gemeente Zoetermeer";"https://identifier.overheid.nl/tooi/id/gemeente/gm0637";"Onbekend";"";"";"Onbekend";""
"werkenbijzoetermeer.nl";"Gemeente Zoetermeer";"https://identifier.overheid.nl/tooi/id/gemeente/gm0637";"Onbekend";"";"";"Onbekend";""
"zoetermeerisdeplek.nl";"Gemeente Zoetermeer";"https://identifier.overheid.nl/tooi/id/gemeente/gm0637";"Onbekend";"";"";"Onbekend";""
"cultuur079.nl";"Gemeente Zoetermeer";"https://identifier.overheid.nl/tooi/id/gemeente/gm0637";"Onbekend";"";"";"Onbekend";""
"entreezoetermeer.nl";"Gemeente Zoetermeer";"https://identifier.overheid.nl/tooi/id/gemeente/gm0637";"Onbekend";"";"";"Onbekend";""
"gemeentezoetermeer.eu";"Gemeente Zoetermeer";"https://identifier.overheid.nl/tooi/id/gemeente/gm0637";"Onbekend";"";"";"Onbekend";""
"huwelijkinzoetermeer.nl";"Gemeente Zoetermeer";"https://identifier.overheid.nl/tooi/id/gemeente/gm0637";"Onbekend";"";"";"Onbekend";""
