"Domein";"Officiële naam organisatie";"TOOi URI organisatie";"Gebruiksdoel";"Omschrijving";"Startdatum";"Einddatum";"Archief URL"
"www.albrandswaard.nl";"Gemeente Albrandswaard";"https://identifier.overheid.nl/tooi/id/gemeente/gm0613";"Website";"";"";"";""
"afvalalmere.nl";"Gemeente Almere";"https://identifier.overheid.nl/tooi/id/gemeente/gm0034";"Website";"";"";"";""
"almere.embracecloud.nl";"Gemeente Almere";"https://identifier.overheid.nl/tooi/id/gemeente/gm0034";"Website";"";"";"";""
"almere.incijfers.nl";"Gemeente Almere";"https://identifier.overheid.nl/tooi/id/gemeente/gm0034";"Website";"";"";"";""
"almere.notubiz.nl";"Gemeente Almere";"https://identifier.overheid.nl/tooi/id/gemeente/gm0034";"Website";"";"";"";""
"almere.pcportal.nl";"Gemeente Almere";"https://identifier.overheid.nl/tooi/id/gemeente/gm0034";"Website";"";"";"";""
"almere.raadsinformatie.nl";"Gemeente Almere";"https://identifier.overheid.nl/tooi/id/gemeente/gm0034";"Website";"";"";"";""
"almere.webshop.parkeer.nl";"Gemeente Almere";"https://identifier.overheid.nl/tooi/id/gemeente/gm0034";"Website";"";"";"";""
"almereconnect.almere.nl";"Gemeente Almere";"https://identifier.overheid.nl/tooi/id/gemeente/gm0034";"Website";"";"";"";""
"almereinzicht.nl";"Gemeente Almere";"https://identifier.overheid.nl/tooi/id/gemeente/gm0034";"Website";"";"";"";""
"almeremodules.ximmio.com";"Gemeente Almere";"https://identifier.overheid.nl/tooi/id/gemeente/gm0034";"Website";"";"";"";""
"bezoek.parkeer.nl";"Gemeente Almere";"https://identifier.overheid.nl/tooi/id/gemeente/gm0034";"Website";"";"";"";""
"digitaalerfgoed.almere.nl";"Gemeente Almere";"https://identifier.overheid.nl/tooi/id/gemeente/gm0034";"Website";"";"";"";""
"documentwijzer.raadvanalmere.nl";"Gemeente Almere";"https://identifier.overheid.nl/tooi/id/gemeente/gm0034";"Website";"";"";"";""
"edienstenburgerzaken.almere.nl";"Gemeente Almere";"https://identifier.overheid.nl/tooi/id/gemeente/gm0034";"Website";"";"";"";""
"eloket.almere.nl";"Gemeente Almere";"https://identifier.overheid.nl/tooi/id/gemeente/gm0034";"Website";"";"";"";""
"english.almere.nl";"Gemeente Almere";"https://identifier.overheid.nl/tooi/id/gemeente/gm0034";"Website";"";"";"";""
"formulieren.almere.nl";"Gemeente Almere";"https://identifier.overheid.nl/tooi/id/gemeente/gm0034";"Website";"";"";"";""
"inkoopplein.almere.nl";"Gemeente Almere";"https://identifier.overheid.nl/tooi/id/gemeente/gm0034";"Website";"";"";"";""
"kavelwinkel.almere.nl";"Gemeente Almere";"https://identifier.overheid.nl/tooi/id/gemeente/gm0034";"Website";"";"";"";""
"maps.almere.nl";"Gemeente Almere";"https://identifier.overheid.nl/tooi/id/gemeente/gm0034";"Website";"";"";"";""
"meldingen.almere.nl";"Gemeente Almere";"https://identifier.overheid.nl/tooi/id/gemeente/gm0034";"Website";"";"";"";""
"mijninkomen.almere.nl";"Gemeente Almere";"https://identifier.overheid.nl/tooi/id/gemeente/gm0034";"Website";"";"";"";""
"mijnstembureau-almere.nl";"Gemeente Almere";"https://identifier.overheid.nl/tooi/id/gemeente/gm0034";"Website";"";"";"";""
"oens.almere.nl";"Gemeente Almere";"https://identifier.overheid.nl/tooi/id/gemeente/gm0034";"Website";"";"";"";""
"raadvanalmere.nl";"Gemeente Almere";"https://identifier.overheid.nl/tooi/id/gemeente/gm0034";"Website";"";"";"";""
"slavernijmonumentalmere.nl";"Gemeente Almere";"https://identifier.overheid.nl/tooi/id/gemeente/gm0034";"Website";"";"";"";""
"snelbalie.almere.nl";"Gemeente Almere";"https://identifier.overheid.nl/tooi/id/gemeente/gm0034";"Website";"";"";"";""
"sociaaldomein.almere.nl";"Gemeente Almere";"https://identifier.overheid.nl/tooi/id/gemeente/gm0034";"Website";"";"";"";""
"sportencultuur.almere.nl";"Gemeente Almere";"https://identifier.overheid.nl/tooi/id/gemeente/gm0034";"Website";"";"";"";""
"sportsupport.almere.nl";"Gemeente Almere";"https://identifier.overheid.nl/tooi/id/gemeente/gm0034";"Website";"";"";"";""
"stadsarchief.almere.nl";"Gemeente Almere";"https://identifier.overheid.nl/tooi/id/gemeente/gm0034";"Website";"";"";"";""
"stadsgesprekken.almere.nl";"Gemeente Almere";"https://identifier.overheid.nl/tooi/id/gemeente/gm0034";"Website";"";"";"";""
"talentcenter.almere.nl";"Gemeente Almere";"https://identifier.overheid.nl/tooi/id/gemeente/gm0034";"Website";"";"";"";""
"wb-almere.qmatic.cloud";"Gemeente Almere";"https://identifier.overheid.nl/tooi/id/gemeente/gm0034";"Website";"";"";"";""
"wijkteams.almere.nl";"Gemeente Almere";"https://identifier.overheid.nl/tooi/id/gemeente/gm0034";"Website";"";"";"";""
"wooalmere.notubiz.nl";"Gemeente Almere";"https://identifier.overheid.nl/tooi/id/gemeente/gm0034";"Website";"";"";"";""
"www.almere.nl";"Gemeente Almere";"https://identifier.overheid.nl/tooi/id/gemeente/gm0034";"Website";"";"";"";""
"www.alsiklatergrootbeninalmere.nl";"Gemeente Almere";"https://identifier.overheid.nl/tooi/id/gemeente/gm0034";"Website";"";"";"";""
"www.daretodreamin036.nl";"Gemeente Almere";"https://identifier.overheid.nl/tooi/id/gemeente/gm0034";"Website";"";"";"";""
"www.stadspasalmere.nl";"Gemeente Almere";"https://identifier.overheid.nl/tooi/id/gemeente/gm0034";"Website";"";"";"";""
"www.werkenbijalmere.nl";"Gemeente Almere";"https://identifier.overheid.nl/tooi/id/gemeente/gm0034";"Website";"";"";"";""
"zijpalm.nl";"Gemeente Almere";"https://identifier.overheid.nl/tooi/id/gemeente/gm0034";"Website";"";"";"";""
"aandeslag.gemeentealtena.nl";"Gemeente Altena";"https://identifier.overheid.nl/tooi/id/gemeente/gm1959";"Website";"";"";"";""
"actiefinaltena.nl";"Gemeente Altena";"https://identifier.overheid.nl/tooi/id/gemeente/gm1959";"Website";"";"";"";""
"altena.afvalstoffendienstkalender.nl";"Gemeente Altena";"https://identifier.overheid.nl/tooi/id/gemeente/gm1959";"Website";"";"";"";""
"altena.raadsinformatie.nl";"Gemeente Altena";"https://identifier.overheid.nl/tooi/id/gemeente/gm1959";"Website";"";"";"";""
"altena.smartmap.nl";"Gemeente Altena";"https://identifier.overheid.nl/tooi/id/gemeente/gm1959";"Website";"";"";"";""
"altena.startersloket.nl";"Gemeente Altena";"https://identifier.overheid.nl/tooi/id/gemeente/gm1959";"Website";"";"";"";""
"edienstenburgerzaken.gemeentealtena.nl";"Gemeente Altena";"https://identifier.overheid.nl/tooi/id/gemeente/gm1959";"Website";"";"";"";""
"gemeentealtena.mijnafspraakmaken.nl";"Gemeente Altena";"https://identifier.overheid.nl/tooi/id/gemeente/gm1959";"Website";"";"";"";""
"loket.gemeentealtena.nl";"Gemeente Altena";"https://identifier.overheid.nl/tooi/id/gemeente/gm1959";"Website";"";"";"";""
"omgevingsvisie.gemeentealtena.nl";"Gemeente Altena";"https://identifier.overheid.nl/tooi/id/gemeente/gm1959";"Website";"";"";"";""
"open.gemeentealtena.nl";"Gemeente Altena";"https://identifier.overheid.nl/tooi/id/gemeente/gm1959";"Website";"";"";"";""
"verhuur.gemeentealtena.nl";"Gemeente Altena";"https://identifier.overheid.nl/tooi/id/gemeente/gm1959";"Website";"";"";"";""
"werkenbijgemeentealtena.nl";"Gemeente Altena";"https://identifier.overheid.nl/tooi/id/gemeente/gm1959";"Website";"";"";"";""
"www.gemeentealtena.nl";"Gemeente Altena";"https://identifier.overheid.nl/tooi/id/gemeente/gm1959";"Website";"";"";"";""
"ameland.bestuurlijkeinformatie.nl";"Gemeente Ameland";"https://identifier.overheid.nl/tooi/id/gemeente/gm0060";"Website";"";"";"";""
"www.ameland.nl";"Gemeente Ameland";"https://identifier.overheid.nl/tooi/id/gemeente/gm0060";"Website";"";"";"";""
"www.duurzaamameland.nl";"Gemeente Ameland";"https://identifier.overheid.nl/tooi/id/gemeente/gm0060";"Website";"";"";"";""
"bergen.mijnafspraakmaken.nl";"Gemeente Bergen (L)";"https://identifier.overheid.nl/tooi/id/gemeente/gm0893";"Website";"";"";"";""
"bergen.nl";"Gemeente Bergen (L)";"https://identifier.overheid.nl/tooi/id/gemeente/gm0893";"Website";"";"";"";""
"verduursamen2030.nl";"Gemeente Bergen (L)";"https://identifier.overheid.nl/tooi/id/gemeente/gm0893";"Website";"";"";"";""
"meedoen.borger-odoorn.nl";"Gemeente Borger-Odoorn";"https://identifier.overheid.nl/tooi/id/gemeente/gm1681";"Website";"";"";"";""
"www.actiefborgerodoorn.nl";"Gemeente Borger-Odoorn";"https://identifier.overheid.nl/tooi/id/gemeente/gm1681";"Website";"";"";"";""
"www.borger-odoorn.nl";"Gemeente Borger-Odoorn";"https://identifier.overheid.nl/tooi/id/gemeente/gm1681";"Website";"";"";"";""
"actiefincoevorden.nl";"Gemeente Coevorden";"https://identifier.overheid.nl/tooi/id/gemeente/gm0109";"Website";"Actief in Coevorden is dé plek waar je alle activiteiten op het gebied van gezondheid, sport, creativiteit en ontspanning vindt!";"";"";""
"coevorden.eu";"Gemeente Coevorden";"https://identifier.overheid.nl/tooi/id/gemeente/gm0109";"Doorverwijzing";"";"";"";""
"coevorden.nl";"Gemeente Coevorden";"https://identifier.overheid.nl/tooi/id/gemeente/gm0109";"Website";"Hoofdwebsite van Gemeente Coevorden";"";"";"https://coevorden.webarchief.online"
"coevorden.org";"Gemeente Coevorden";"https://identifier.overheid.nl/tooi/id/gemeente/gm0109";"Doorverwijzing";"";"";"";""
"coevorden.pgbscan.nl";"Gemeente Coevorden";"https://identifier.overheid.nl/tooi/id/gemeente/gm0109";"Website";"";"";"";""
"dloket.coevorden.nl";"Gemeente Coevorden";"https://identifier.overheid.nl/tooi/id/gemeente/gm0109";"Website";"";"";"";""
"doe-mee.coevorden.nl";"Gemeente Coevorden";"https://identifier.overheid.nl/tooi/id/gemeente/gm0109";"Website";"Deze webwinkel is voor inwoners die een minimum inkomen hebben. U krijgt een budget per jaar en kan dat via de webwinkel zelf besteden bij aanbieders in de regio Zuidoost-Drenthe";"";"";"https://coevorden.webarchief.online/doe-mee-coevorden-nl"
"financien.coevorden.nl";"Gemeente Coevorden";"https://identifier.overheid.nl/tooi/id/gemeente/gm0109";"Website";"";"";"";""
"geschiedeniscoevorden.nl";"Gemeente Coevorden";"https://identifier.overheid.nl/tooi/id/gemeente/gm0109";"Website";"Geschiedenis Coevorden is gemaakt met foto's en verhalen uit de gemeentelijke archieven van de kernen die nu de gemeente Coevorden vormen.";"";"";"https://coevorden.webarchief.online/geschiedeniscoevorden-nl"
"iburgerzaken.coevorden.nl";"Gemeente Coevorden";"https://identifier.overheid.nl/tooi/id/gemeente/gm0109";"Website";"";"";"";""
"inhuurdeskcoevorden.nl";"Gemeente Coevorden";"https://identifier.overheid.nl/tooi/id/gemeente/gm0109";"Website";"";"";"";""
"mijnshv.coevorden.nl";"Gemeente Coevorden";"https://identifier.overheid.nl/tooi/id/gemeente/gm0109";"Website";"";"";"";""
"opencoevorden.nl";"Gemeente Coevorden";"https://identifier.overheid.nl/tooi/id/gemeente/gm0109";"Doorverwijzing";"";"";"";""
"raadcoevorden.bestuurlijkeinformatie.nl";"Gemeente Coevorden";"https://identifier.overheid.nl/tooi/id/gemeente/gm0109";"Website";"";"";"";""
"woningbouwkaart.coevorden.nl";"Gemeente Coevorden";"https://identifier.overheid.nl/tooi/id/gemeente/gm0109";"Website";"";"";"";""
"wozloket.coevorden.nl";"Gemeente Coevorden";"https://identifier.overheid.nl/tooi/id/gemeente/gm0109";"Website";"";"";"";""
"www.afvalincoevorden.nl";"Gemeente Coevorden";"https://identifier.overheid.nl/tooi/id/gemeente/gm0109";"Doorverwijzing";"";"";"";""
"www.kansrijk-opgroeien.nl";"Gemeente Coevorden";"https://identifier.overheid.nl/tooi/id/gemeente/gm0109";"Website";"";"";"";""
"www.raadcoevorden.nl";"Gemeente Coevorden";"https://identifier.overheid.nl/tooi/id/gemeente/gm0109";"Doorverwijzing";"";"";"";""
"www.cranendonck.nl";"Gemeente Cranendonck";"https://identifier.overheid.nl/tooi/id/gemeente/gm1706";"Website";"Gemeentelijke website";"";"";""
"afentoe.nl";"Gemeente Den Haag";"https://identifier.overheid.nl/tooi/id/gemeente/gm0518";"Website";"";"";"";""
"allemaalhaags.nl";"Gemeente Den Haag";"https://identifier.overheid.nl/tooi/id/gemeente/gm0518";"Website";"";"";"";""
"archeologie.denhaag.nl";"Gemeente Den Haag";"https://identifier.overheid.nl/tooi/id/gemeente/gm0518";"Website";"";"";"";""
"beeldbankdenhaag.nl";"Gemeente Den Haag";"https://identifier.overheid.nl/tooi/id/gemeente/gm0518";"Website";"";"";"";""
"bereikbarestad.denhaag.nl";"Gemeente Den Haag";"https://identifier.overheid.nl/tooi/id/gemeente/gm0518";"Website";"";"";"";""
"comingoutweek.nl";"Gemeente Den Haag";"https://identifier.overheid.nl/tooi/id/gemeente/gm0518";"Website";"";"";"";""
"denhaag.begroting-2017.nl";"Gemeente Den Haag";"https://identifier.overheid.nl/tooi/id/gemeente/gm0518";"Website";"";"";"";""
"denhaag.begroting-2018.nl";"Gemeente Den Haag";"https://identifier.overheid.nl/tooi/id/gemeente/gm0518";"Website";"";"";"";""
"denhaag.begroting-2019.nl";"Gemeente Den Haag";"https://identifier.overheid.nl/tooi/id/gemeente/gm0518";"Website";"";"";"";""
"denhaag.begroting-2020.nl";"Gemeente Den Haag";"https://identifier.overheid.nl/tooi/id/gemeente/gm0518";"Website";"";"";"";""
"denhaag.begroting-2021.nl";"Gemeente Den Haag";"https://identifier.overheid.nl/tooi/id/gemeente/gm0518";"Website";"";"";"";""
"denhaag.begroting-2022.nl";"Gemeente Den Haag";"https://identifier.overheid.nl/tooi/id/gemeente/gm0518";"Website";"";"";"";""
"denhaag.begroting-2023.nl";"Gemeente Den Haag";"https://identifier.overheid.nl/tooi/id/gemeente/gm0518";"Website";"";"";"";""
"denhaag.com";"Gemeente Den Haag";"https://identifier.overheid.nl/tooi/id/gemeente/gm0518";"Website";"";"";"";""
"denhaag.incijfers.nl";"Gemeente Den Haag";"https://identifier.overheid.nl/tooi/id/gemeente/gm0518";"Website";"";"";"";""
"denhaagfietst.nl";"Gemeente Den Haag";"https://identifier.overheid.nl/tooi/id/gemeente/gm0518";"Website";"";"";"";""
"doemee.denhaag.nl";"Gemeente Den Haag";"https://identifier.overheid.nl/tooi/id/gemeente/gm0518";"Website";"";"";"";""
"duurzamestad.denhaag.nl";"Gemeente Den Haag";"https://identifier.overheid.nl/tooi/id/gemeente/gm0518";"Website";"";"";"";""
"educatieffestival.denhaag.nl";"Gemeente Den Haag";"https://identifier.overheid.nl/tooi/id/gemeente/gm0518";"Website";"";"";"";""
"evenementen.denhaag.nl";"Gemeente Den Haag";"https://identifier.overheid.nl/tooi/id/gemeente/gm0518";"Website";"";"";"";""
"financien.denhaag.nl";"Gemeente Den Haag";"https://identifier.overheid.nl/tooi/id/gemeente/gm0518";"Website";"";"";"";""
"followyourdreams.denhaag.nl";"Gemeente Den Haag";"https://identifier.overheid.nl/tooi/id/gemeente/gm0518";"Website";"";"";"";""
"form.denhaag.nl";"Gemeente Den Haag";"https://identifier.overheid.nl/tooi/id/gemeente/gm0518";"Website";"";"";"";""
"formulier.denhaag.nl";"Gemeente Den Haag";"https://identifier.overheid.nl/tooi/id/gemeente/gm0518";"Website";"";"";"";""
"gogo.denhaag.nl";"Gemeente Den Haag";"https://identifier.overheid.nl/tooi/id/gemeente/gm0518";"Website";"";"";"";""
"gogovouchers.nl";"Gemeente Den Haag";"https://identifier.overheid.nl/tooi/id/gemeente/gm0518";"Website";"";"";"";""
"haagsestadmakers.nl";"Gemeente Den Haag";"https://identifier.overheid.nl/tooi/id/gemeente/gm0518";"Website";"";"";"";""
"haagsgemeentearchief.nl";"Gemeente Den Haag";"https://identifier.overheid.nl/tooi/id/gemeente/gm0518";"Website";"";"";"";""
"hallowerk.nl";"Gemeente Den Haag";"https://identifier.overheid.nl/tooi/id/gemeente/gm0518";"Website";"";"";"";""
"hethaagsegroen.nl";"Gemeente Den Haag";"https://identifier.overheid.nl/tooi/id/gemeente/gm0518";"Website";"";"";"";""
"hor.denhaag.nl";"Gemeente Den Haag";"https://identifier.overheid.nl/tooi/id/gemeente/gm0518";"Website";"";"";"";""
"huisvuilkalender.denhaag.nl";"Gemeente Den Haag";"https://identifier.overheid.nl/tooi/id/gemeente/gm0518";"Website";"";"";"";""
"ihp.denhaag.nl";"Gemeente Den Haag";"https://identifier.overheid.nl/tooi/id/gemeente/gm0518";"Website";"";"";"";""
"ikbouwin.denhaag.nl";"Gemeente Den Haag";"https://identifier.overheid.nl/tooi/id/gemeente/gm0518";"Website";"";"";"";""
"janvanzanen.denhaag.nl";"Gemeente Den Haag";"https://identifier.overheid.nl/tooi/id/gemeente/gm0518";"Website";"";"";"";""
"jeugdhulpdenhaag.nl";"Gemeente Den Haag";"https://identifier.overheid.nl/tooi/id/gemeente/gm0518";"Website";"";"";"";""
"jeugdombudsman.denhaag.nl";"Gemeente Den Haag";"https://identifier.overheid.nl/tooi/id/gemeente/gm0518";"Website";"";"";"";""
"leerlingzaken.denhaag.nl";"Gemeente Den Haag";"https://identifier.overheid.nl/tooi/id/gemeente/gm0518";"Website";"";"";"";""
"meldingen.denhaag.nl";"Gemeente Den Haag";"https://identifier.overheid.nl/tooi/id/gemeente/gm0518";"Website";"";"";"";""
"merk.denhaag.nl";"Gemeente Den Haag";"https://identifier.overheid.nl/tooi/id/gemeente/gm0518";"Website";"";"";"";""
"mijndenhaag.nl";"Gemeente Den Haag";"https://identifier.overheid.nl/tooi/id/gemeente/gm0518";"Doorverwijzing";"";"";"";""
"mijngeldzaken.denhaag.nl";"Gemeente Den Haag";"https://identifier.overheid.nl/tooi/id/gemeente/gm0518";"Website";"";"";"";""
"nederlandsmuziekinstituut.nl";"Gemeente Den Haag";"https://identifier.overheid.nl/tooi/id/gemeente/gm0518";"Website";"";"";"";""
"ombudsman.denhaag.nl";"Gemeente Den Haag";"https://identifier.overheid.nl/tooi/id/gemeente/gm0518";"Website";"";"";"";""
"omgevingsvisie.denhaag.nl";"Gemeente Den Haag";"https://identifier.overheid.nl/tooi/id/gemeente/gm0518";"Website";"";"";"";""
"ooievaarspas.nl";"Gemeente Den Haag";"https://identifier.overheid.nl/tooi/id/gemeente/gm0518";"Website";"";"";"";""
"projecten.denhaag.nl";"Gemeente Den Haag";"https://identifier.overheid.nl/tooi/id/gemeente/gm0518";"Website";"";"";"";""
"scholenwijzer.denhaag.nl";"Gemeente Den Haag";"https://identifier.overheid.nl/tooi/id/gemeente/gm0518";"Website";"";"";"";""
"schoolinbos.nl";"Gemeente Den Haag";"https://identifier.overheid.nl/tooi/id/gemeente/gm0518";"Website";"";"";"";""
"schoolsport070.nl";"Gemeente Den Haag";"https://identifier.overheid.nl/tooi/id/gemeente/gm0518";"Website";"";"";"";""
"schoondoenwegewoon.nl";"Gemeente Den Haag";"https://identifier.overheid.nl/tooi/id/gemeente/gm0518";"Website";"";"";"";""
"socialekaartdenhaag.nl";"Gemeente Den Haag";"https://identifier.overheid.nl/tooi/id/gemeente/gm0518";"Website";"";"";"";""
"sport.denhaag.nl";"Gemeente Den Haag";"https://identifier.overheid.nl/tooi/id/gemeente/gm0518";"Website";"";"";"";""
"stadslandbouwdenhaag.nl";"Gemeente Den Haag";"https://identifier.overheid.nl/tooi/id/gemeente/gm0518";"Website";"";"";"";""
"stadstekenaardenhaag.nl";"Gemeente Den Haag";"https://identifier.overheid.nl/tooi/id/gemeente/gm0518";"Website";"";"";"";""
"subsidieregister.denhaag.nl";"Gemeente Den Haag";"https://identifier.overheid.nl/tooi/id/gemeente/gm0518";"Website";"";"";"";""
"takethehague.nl";"Gemeente Den Haag";"https://identifier.overheid.nl/tooi/id/gemeente/gm0518";"Website";"";"";"";""
"themastemmen.denhaag.nl";"Gemeente Den Haag";"https://identifier.overheid.nl/tooi/id/gemeente/gm0518";"Website";"";"";"";""
"uitslagen.denhaag.nl";"Gemeente Den Haag";"https://identifier.overheid.nl/tooi/id/gemeente/gm0518";"Website";"";"";"";""
"veiligthuishaaglanden.nl";"Gemeente Den Haag";"https://identifier.overheid.nl/tooi/id/gemeente/gm0518";"Website";"";"";"";""
"vraagjufmina.nl";"Gemeente Den Haag";"https://identifier.overheid.nl/tooi/id/gemeente/gm0518";"Website";"";"";"";""
"werkaandewijk.denhaag.nl";"Gemeente Den Haag";"https://identifier.overheid.nl/tooi/id/gemeente/gm0518";"Website";"";"";"";""
"werkenvoor.denhaag.nl";"Gemeente Den Haag";"https://identifier.overheid.nl/tooi/id/gemeente/gm0518";"Website";"";"";"";""
"woo.denhaag.nl";"Gemeente Den Haag";"https://identifier.overheid.nl/tooi/id/gemeente/gm0518";"Website";"";"";"";""
"www.bibliotheekdenhaag.nl";"Gemeente Den Haag";"https://identifier.overheid.nl/tooi/id/gemeente/gm0518";"Website";"";"";"";""
"www.cjgdenhaag.nl";"Gemeente Den Haag";"https://identifier.overheid.nl/tooi/id/gemeente/gm0518";"Website";"";"";"";""
"www.denhaag.nl";"Gemeente Den Haag";"https://identifier.overheid.nl/tooi/id/gemeente/gm0518";"Website";"";"";"";""
"www.denhaaginsideout.nl";"Gemeente Den Haag";"https://identifier.overheid.nl/tooi/id/gemeente/gm0518";"Website";"";"";"";""
"www.digitalemuurkrant.nl";"Gemeente Den Haag";"https://identifier.overheid.nl/tooi/id/gemeente/gm0518";"Website";"";"";"";""
"www.haagsevrouwendagen.nl";"Gemeente Den Haag";"https://identifier.overheid.nl/tooi/id/gemeente/gm0518";"Website";"";"";"";""
"www.hackthehague.com";"Gemeente Den Haag";"https://identifier.overheid.nl/tooi/id/gemeente/gm0518";"Website";"";"";"";""
"www.opkomstenuitslag.nl";"Gemeente Den Haag";"https://identifier.overheid.nl/tooi/id/gemeente/gm0518";"Website";"";"";"";""
"www.rekenkamerdenhaag.nl";"Gemeente Den Haag";"https://identifier.overheid.nl/tooi/id/gemeente/gm0518";"Website";"";"";"";""
"www.stembureausindenhaag.nl";"Gemeente Den Haag";"https://identifier.overheid.nl/tooi/id/gemeente/gm0518";"Website";"";"";"";""
"www.studyinthehague.com";"Gemeente Den Haag";"https://identifier.overheid.nl/tooi/id/gemeente/gm0518";"Website";"";"";"";""
"www.thehagueinternationalcentre.nl";"Gemeente Den Haag";"https://identifier.overheid.nl/tooi/id/gemeente/gm0518";"Website";"";"";"";""
"www.verwijsindexhaaglanden.nl";"Gemeente Den Haag";"https://identifier.overheid.nl/tooi/id/gemeente/gm0518";"Website";"";"";"";""
"www.welstandsnotas.nl";"Gemeente Den Haag";"https://identifier.overheid.nl/tooi/id/gemeente/gm0518";"Website";"";"";"";""
"belastingbalie.eindhoven.nl";"Gemeente Eindhoven";"https://identifier.overheid.nl/tooi/id/gemeente/gm0772";"Website";"";"";"";""
"data.eindhoven.nl";"Gemeente Eindhoven";"https://identifier.overheid.nl/tooi/id/gemeente/gm0772";"Website";"";"";"";""
"edienstenburgerzaken.eindhoven.nl";"Gemeente Eindhoven";"https://identifier.overheid.nl/tooi/id/gemeente/gm0772";"Website";"";"";"";""
"english.eindhoven.nl";"Gemeente Eindhoven";"https://identifier.overheid.nl/tooi/id/gemeente/gm0772";"Website";"";"";"";""
"onderzoek.eindhoven.nl";"Gemeente Eindhoven";"https://identifier.overheid.nl/tooi/id/gemeente/gm0772";"Website";"";"";"";""
"publicaties.eindhoven.nl";"Gemeente Eindhoven";"https://identifier.overheid.nl/tooi/id/gemeente/gm0772";"Website";"";"";"";""
"raadsinformatie.eindhoven.nl";"Gemeente Eindhoven";"https://identifier.overheid.nl/tooi/id/gemeente/gm0772";"Website";"";"";"";""
"uitelkaarmetkinderen.eindhoven.nl";"Gemeente Eindhoven";"https://identifier.overheid.nl/tooi/id/gemeente/gm0772";"Website";"";"";"";""
"www.eindhoven.nl";"Gemeente Eindhoven";"https://identifier.overheid.nl/tooi/id/gemeente/gm0772";"Website";"";"";"";""
"www.eindhovenduurzaam.nl";"Gemeente Eindhoven";"https://identifier.overheid.nl/tooi/id/gemeente/gm0772";"Website";"";"";"";""
"www.eindhovensport.nl";"Gemeente Eindhoven";"https://identifier.overheid.nl/tooi/id/gemeente/gm0772";"Website";"";"";"";""
"www.ondernemendeindhoven.nl";"Gemeente Eindhoven";"https://identifier.overheid.nl/tooi/id/gemeente/gm0772";"Website";"";"";"";""
"www.openeindhoven.nl";"Gemeente Eindhoven";"https://identifier.overheid.nl/tooi/id/gemeente/gm0772";"Website";"";"";"";""
"www.werkenvooreindhoven.nl";"Gemeente Eindhoven";"https://identifier.overheid.nl/tooi/id/gemeente/gm0772";"Website";"";"";"";""
"zorgaanbieders.eindhoven.nl";"Gemeente Eindhoven";"https://identifier.overheid.nl/tooi/id/gemeente/gm0772";"Website";"";"";"";""
"belastingloket.emmen.nl";"Gemeente Emmen";"https://identifier.overheid.nl/tooi/id/gemeente/gm0114";"Website";"";"";"";""
"doemee.emmen.nl";"Gemeente Emmen";"https://identifier.overheid.nl/tooi/id/gemeente/gm0114";"Website";"";"";"";""
"emmen.bestuurlijkeinformatie.nl";"Gemeente Emmen";"https://identifier.overheid.nl/tooi/id/gemeente/gm0114";"Website";"";"";"";""
"emmen.buurtmonitor.nl";"Gemeente Emmen";"https://identifier.overheid.nl/tooi/id/gemeente/gm0114";"Doorverwijzing";"";"";"";""
"emmen.nl";"Gemeente Emmen";"https://identifier.overheid.nl/tooi/id/gemeente/gm0114";"Doorverwijzing";"";"";"";""
"emmengeeftenergie.nl";"Gemeente Emmen";"https://identifier.overheid.nl/tooi/id/gemeente/gm0114";"Website";"";"";"";""
"geldloket.emmen.nl";"Gemeente Emmen";"https://identifier.overheid.nl/tooi/id/gemeente/gm0114";"Website";"";"";"";""
"geldloketemmen.nl";"Gemeente Emmen";"https://identifier.overheid.nl/tooi/id/gemeente/gm0114";"Doorverwijzing";"";"";"";""
"gemeente.emmen.nl";"Gemeente Emmen";"https://identifier.overheid.nl/tooi/id/gemeente/gm0114";"Website";"";"";"";""
"gemeenteraademmen.nl";"Gemeente Emmen";"https://identifier.overheid.nl/tooi/id/gemeente/gm0114";"Doorverwijzing";"";"";"";""
"koningsdaginemmen.nl";"Gemeente Emmen";"https://identifier.overheid.nl/tooi/id/gemeente/gm0114";"Website";"";"";"";""
"mijnsdv.emmen.nl";"Gemeente Emmen";"https://identifier.overheid.nl/tooi/id/gemeente/gm0114";"Website";"";"";"";""
"mijnuitkering.emmen.nl";"Gemeente Emmen";"https://identifier.overheid.nl/tooi/id/gemeente/gm0114";"Doorverwijzing";"";"";"";""
"mmmeter.nl";"Gemeente Emmen";"https://identifier.overheid.nl/tooi/id/gemeente/gm0114";"Website";"";"";"";""
"rensenparkemmen.nl";"Gemeente Emmen";"https://identifier.overheid.nl/tooi/id/gemeente/gm0114";"Doorverwijzing";"";"";"";""
"www.actiefinemmen.nl";"Gemeente Emmen";"https://identifier.overheid.nl/tooi/id/gemeente/gm0114";"Website";"";"";"";""
"www.angelslo-academy.nl";"Gemeente Emmen";"https://identifier.overheid.nl/tooi/id/gemeente/gm0114";"Website";"";"";"";""
"www.diepemmen.nl";"Gemeente Emmen";"https://identifier.overheid.nl/tooi/id/gemeente/gm0114";"Website";"";"";"";""
"www.enschede.nl";"Gemeente Enschede";"https://identifier.overheid.nl/tooi/id/gemeente/gm0153";"Website";"";"";"";""
"epe.begrotingsapp.nl";"Gemeente Epe";"https://identifier.overheid.nl/tooi/id/gemeente/gm0232";"Website";"";"";"";""
"epe.mijnafspraakmaken.nl";"Gemeente Epe";"https://identifier.overheid.nl/tooi/id/gemeente/gm0232";"Website";"";"";"";""
"epe.raadsinformatie.nl";"Gemeente Epe";"https://identifier.overheid.nl/tooi/id/gemeente/gm0232";"Website";"";"";"";""
"epespreekt.nl";"Gemeente Epe";"https://identifier.overheid.nl/tooi/id/gemeente/gm0232";"Website";"";"";"";""
"iburgerzaken.epe.nl";"Gemeente Epe";"https://identifier.overheid.nl/tooi/id/gemeente/gm0232";"Website";"";"";"";""
"mijn.epe.nl";"Gemeente Epe";"https://identifier.overheid.nl/tooi/id/gemeente/gm0232";"Website";"";"";"";""
"www.epe.nl";"Gemeente Epe";"https://identifier.overheid.nl/tooi/id/gemeente/gm0232";"Website";"";"";"";""
"etten-leur.mantelzorgtest.nl";"Gemeente Etten-Leur";"https://identifier.overheid.nl/tooi/id/gemeente/gm0777";"Website";"";"";"";""
"etten-leur.notubiz.nl";"Gemeente Etten-Leur";"https://identifier.overheid.nl/tooi/id/gemeente/gm0777";"Website";"";"";"";""
"etten-leur.raadsinformatie.nl";"Gemeente Etten-Leur";"https://identifier.overheid.nl/tooi/id/gemeente/gm0777";"Website";"";"";"";""
"etten-leurmakenwesamen.nl";"Gemeente Etten-Leur";"https://identifier.overheid.nl/tooi/id/gemeente/gm0777";"Website";"";"";"";""
"ettenleur.verkiezinginbeeld.nl";"Gemeente Etten-Leur";"https://identifier.overheid.nl/tooi/id/gemeente/gm0777";"Website";"";"";"";""
"financieelportaal.etten-leur.nl";"Gemeente Etten-Leur";"https://identifier.overheid.nl/tooi/id/gemeente/gm0777";"Website";"";"";"";""
"gemeenteraad.etten-leur.nl";"Gemeente Etten-Leur";"https://identifier.overheid.nl/tooi/id/gemeente/gm0777";"Website";"";"";"";""
"haansbergetten-leur.nl";"Gemeente Etten-Leur";"https://identifier.overheid.nl/tooi/id/gemeente/gm0777";"Website";"";"";"";""
"koepel-etten-leur.nl";"Gemeente Etten-Leur";"https://identifier.overheid.nl/tooi/id/gemeente/gm0777";"Website";"";"";"";""
"trouweninetten-leur.nl";"Gemeente Etten-Leur";"https://identifier.overheid.nl/tooi/id/gemeente/gm0777";"Website";"";"";"";""
"werkenbijetten-leur.nl";"Gemeente Etten-Leur";"https://identifier.overheid.nl/tooi/id/gemeente/gm0777";"Website";"";"";"";""
"www.cjgetten-leur.nl";"Gemeente Etten-Leur";"https://identifier.overheid.nl/tooi/id/gemeente/gm0777";"Website";"";"";"";""
"www.doemeeinetten-leur.nl";"Gemeente Etten-Leur";"https://identifier.overheid.nl/tooi/id/gemeente/gm0777";"Website";"";"";"";""
"www.etten-leur.nl";"Gemeente Etten-Leur";"https://identifier.overheid.nl/tooi/id/gemeente/gm0777";"Website";"";"";"";""
"www.ondernemendetten-leur.nl";"Gemeente Etten-Leur";"https://identifier.overheid.nl/tooi/id/gemeente/gm0777";"Website";"";"";"";""
"www.vraagwijzeretten-leur.nl";"Gemeente Etten-Leur";"https://identifier.overheid.nl/tooi/id/gemeente/gm0777";"Website";"";"";"";""
"gooisemeren.incijfers.nl";"Gemeente Gooise Meren";"https://identifier.overheid.nl/tooi/id/gemeente/gm1942";"Website";"";"";"";""
"gooisemeren.mijnafspraakmaken.nl";"Gemeente Gooise Meren";"https://identifier.overheid.nl/tooi/id/gemeente/gm1942";"Website";"";"";"";""
"gooisemeren.nl";"Gemeente Gooise Meren";"https://identifier.overheid.nl/tooi/id/gemeente/gm1942";"Website";"";"";"";""
"AMSTELLAND-MEERLANDEN.NL";"Gemeente Haarlemmermeer";"https://identifier.overheid.nl/tooi/id/gemeente/gm0394";"Website";"";"";"";""
"AMSTELLAND-MEERLANDENOVERLEG.NL";"Gemeente Haarlemmermeer";"https://identifier.overheid.nl/tooi/id/gemeente/gm0394";"Reservering";"";"";"";""
"AMSTERDAMAIRPORTCITY.NL";"Gemeente Haarlemmermeer";"https://identifier.overheid.nl/tooi/id/gemeente/gm0394";"Doorverwijzing";"";"";"";""
"AMSTERDAMAIRPORTCITY.ORG";"Gemeente Haarlemmermeer";"https://identifier.overheid.nl/tooi/id/gemeente/gm0394";"Doorverwijzing";"";"";"";""
"WWW.AMSTERDAMAIRPORTCITY.com";"Gemeente Haarlemmermeer";"https://identifier.overheid.nl/tooi/id/gemeente/gm0394";"Website";"";"";"";""
"WWW.BADHOEVEDORPA9.NL";"Gemeente Haarlemmermeer";"https://identifier.overheid.nl/tooi/id/gemeente/gm0394";"Doorverwijzing";"";"";"";""
"WWW.BEUKENHORST-ZUID.NL";"Gemeente Haarlemmermeer";"https://identifier.overheid.nl/tooi/id/gemeente/gm0394";"Doorverwijzing";"";"";"";""
"WWW.BEUKENHORSTZUID.NL";"Gemeente Haarlemmermeer";"https://identifier.overheid.nl/tooi/id/gemeente/gm0394";"Doorverwijzing";"";"";"";""
"WWW.CJGHAARLEMMERMEER.NET";"Gemeente Haarlemmermeer";"https://identifier.overheid.nl/tooi/id/gemeente/gm0394";"Reservering";"";"";"";""
"afspraak.haarlemmermeer.nl";"Gemeente Haarlemmermeer";"https://identifier.overheid.nl/tooi/id/gemeente/gm0394";"Website";"";"";"";""
"alleideeen.warmrijsenhout.haarlemmermeer.nl";"Gemeente Haarlemmermeer";"https://identifier.overheid.nl/tooi/id/gemeente/gm0394";"Website";"";"";"";""
"am-overleg.nl";"Gemeente Haarlemmermeer";"https://identifier.overheid.nl/tooi/id/gemeente/gm0394";"Reservering";"";"";"";""
"beeldbank.haarlemmermeer.nl";"Gemeente Haarlemmermeer";"https://identifier.overheid.nl/tooi/id/gemeente/gm0394";"Website";"";"";"";""
"beeldbankbeheer.haarlemmermeer.nl";"Gemeente Haarlemmermeer";"https://identifier.overheid.nl/tooi/id/gemeente/gm0394";"Website";"";"";"";""
"cmsoo.haarlemmermeergemeente.nl";"Gemeente Haarlemmermeer";"https://identifier.overheid.nl/tooi/id/gemeente/gm0394";"Website";"";"";"";""
"formulieren.haarlemmermeer.nl";"Gemeente Haarlemmermeer";"https://identifier.overheid.nl/tooi/id/gemeente/gm0394";"Website";"";"";"";""
"gemeentehlmrmeer.m19.mailplus.nl";"Gemeente Haarlemmermeer";"https://identifier.overheid.nl/tooi/id/gemeente/gm0394";"Website";"";"";"";""
"gemeenteraad.haarlemmermeer.nl";"Gemeente Haarlemmermeer";"https://identifier.overheid.nl/tooi/id/gemeente/gm0394";"Website";"";"";"";""
"geoportaal.haarlemmermeer.nl";"Gemeente Haarlemmermeer";"https://identifier.overheid.nl/tooi/id/gemeente/gm0394";"Website";"";"";"";""
"groenervijfhuizen.haarlemmermeer.nl";"Gemeente Haarlemmermeer";"https://identifier.overheid.nl/tooi/id/gemeente/gm0394";"Website";"";"";"";""
"haarlemmerliederaad.haarlemmermeer.nl";"Gemeente Haarlemmermeer";"https://identifier.overheid.nl/tooi/id/gemeente/gm0394";"Website";"";"";"";""
"haarlemmermeer.archiefweb.eu";"Gemeente Haarlemmermeer";"https://identifier.overheid.nl/tooi/id/gemeente/gm0394";"Website";"";"";"";""
"haarlemmermeer.bestuurlijkeinformatie.nl";"Gemeente Haarlemmermeer";"https://identifier.overheid.nl/tooi/id/gemeente/gm0394";"Website";"";"";"";""
"haarlemmermeer.klimaatmonitor.net";"Gemeente Haarlemmermeer";"https://identifier.overheid.nl/tooi/id/gemeente/gm0394";"Website";"";"";"";""
"haarlemmermeer.lokalelastenmeter.nl";"Gemeente Haarlemmermeer";"https://identifier.overheid.nl/tooi/id/gemeente/gm0394";"Website";"";"";"";""
"haarlemmermeer.nl";"Gemeente Haarlemmermeer";"https://identifier.overheid.nl/tooi/id/gemeente/gm0394";"Website";"Hoofddomein van gemeente";"28-06-1995";"";""
"haarlemmermeer01.omgevingsviewer.nl";"Gemeente Haarlemmermeer";"https://identifier.overheid.nl/tooi/id/gemeente/gm0394";"Website";"";"";"";""
"haarlemmermeergemeente.nl";"Gemeente Haarlemmermeer";"https://identifier.overheid.nl/tooi/id/gemeente/gm0394";"Website";"";"";"";""
"haarlemmermeerwaterproof.nl";"Gemeente Haarlemmermeer";"https://identifier.overheid.nl/tooi/id/gemeente/gm0394";"Website";"";"";"";""
"iburgerzaken.haarlemmermeergemeente.nl";"Gemeente Haarlemmermeer";"https://identifier.overheid.nl/tooi/id/gemeente/gm0394";"Website";"";"";"";""
"iparticipatie.haarlemmermeer.nl";"Gemeente Haarlemmermeer";"https://identifier.overheid.nl/tooi/id/gemeente/gm0394";"Website";"";"";"";""
"jaarstukken.haarlemmermeer.nl";"Gemeente Haarlemmermeer";"https://identifier.overheid.nl/tooi/id/gemeente/gm0394";"Website";"";"";"";""
"jouwbadhoevedorp.haarlemmermeer.nl";"Gemeente Haarlemmermeer";"https://identifier.overheid.nl/tooi/id/gemeente/gm0394";"Website";"";"";"";""
"mijnsubsidie.haarlemmermeer.nl";"Gemeente Haarlemmermeer";"https://identifier.overheid.nl/tooi/id/gemeente/gm0394";"Website";"";"";"";""
"mpinajaar.haarlemmermeer.nl";"Gemeente Haarlemmermeer";"https://identifier.overheid.nl/tooi/id/gemeente/gm0394";"Website";"";"";"";""
"mpivoorjaar.haarlemmermeer.nl";"Gemeente Haarlemmermeer";"https://identifier.overheid.nl/tooi/id/gemeente/gm0394";"Website";"";"";"";""
"najaarsrapportage.haarlemmermeer.nl";"Gemeente Haarlemmermeer";"https://identifier.overheid.nl/tooi/id/gemeente/gm0394";"Website";"";"";"";""
"onderzoek.haarlemmermeergemeente.nl";"Gemeente Haarlemmermeer";"https://identifier.overheid.nl/tooi/id/gemeente/gm0394";"Website";"";"";"";""
"parkeren.haarlemmermeer.nl";"Gemeente Haarlemmermeer";"https://identifier.overheid.nl/tooi/id/gemeente/gm0394";"Website";"";"";"";""
"planningencontrol.haarlemmermeer.nl";"Gemeente Haarlemmermeer";"https://identifier.overheid.nl/tooi/id/gemeente/gm0394";"Website";"";"";"";""
"programmabegroting.haarlemmermeer.nl";"Gemeente Haarlemmermeer";"https://identifier.overheid.nl/tooi/id/gemeente/gm0394";"Website";"";"";"";""
"roplan.haarlemmermeer.nl";"Gemeente Haarlemmermeer";"https://identifier.overheid.nl/tooi/id/gemeente/gm0394";"Website";"";"";"";""
"secure-haarlemmermeer.gemeenteoplossingen.nl";"Gemeente Haarlemmermeer";"https://identifier.overheid.nl/tooi/id/gemeente/gm0394";"Website";"";"";"";""
"smartaim.haarlemmermeer.nl";"Gemeente Haarlemmermeer";"https://identifier.overheid.nl/tooi/id/gemeente/gm0394";"Website";"";"";"";""
"warmrijsenhout.haarlemmermeer.nl";"Gemeente Haarlemmermeer";"https://identifier.overheid.nl/tooi/id/gemeente/gm0394";"Website";"";"";"";""
"windopland.haarlemmermeer.nl";"Gemeente Haarlemmermeer";"https://identifier.overheid.nl/tooi/id/gemeente/gm0394";"Website";"";"";"";""
"www.amsterdamairportcity.com";"Gemeente Haarlemmermeer";"https://identifier.overheid.nl/tooi/id/gemeente/gm0394";"Website";"";"";"";""
"www.boseilanden.nl";"Gemeente Haarlemmermeer";"https://identifier.overheid.nl/tooi/id/gemeente/gm0394";"Reservering";"";"";"";""
"www.centrumjeugdengezinhaarlemmermeer.nl";"Gemeente Haarlemmermeer";"https://identifier.overheid.nl/tooi/id/gemeente/gm0394";"Reservering";"";"";"";""
"www.cjghaarlemmermeer.nl";"Gemeente Haarlemmermeer";"https://identifier.overheid.nl/tooi/id/gemeente/gm0394";"Website";"";"";"";""
"www.energielokethaarlemmermeer.nl";"Gemeente Haarlemmermeer";"https://identifier.overheid.nl/tooi/id/gemeente/gm0394";"Website";"";"";"";""
"www.haarlemmermeerhuurtin.nl";"Gemeente Haarlemmermeer";"https://identifier.overheid.nl/tooi/id/gemeente/gm0394";"Website";"";"";"";""
"www.haarlemmermeervoorelkaar.nl";"Gemeente Haarlemmermeer";"https://identifier.overheid.nl/tooi/id/gemeente/gm0394";"Website";"";"";"";""
"www.participatieraadhaarlemmermeer.nl";"Gemeente Haarlemmermeer";"https://identifier.overheid.nl/tooi/id/gemeente/gm0394";"Website";"";"";"";""
"www2.testformulieren.haarlemmermeer.nl";"Gemeente Haarlemmermeer";"https://identifier.overheid.nl/tooi/id/gemeente/gm0394";"Website";"";"";"";""
"zaaihaarlemmermeer.nl";"Gemeente Haarlemmermeer";"https://identifier.overheid.nl/tooi/id/gemeente/gm0394";"Website";"";"";"";""
"zaken.haarlemmermeer.nl";"Gemeente Haarlemmermeer";"https://identifier.overheid.nl/tooi/id/gemeente/gm0394";"Website";"";"";"";""
"www.heeze-leende.nl";"Gemeente Heeze-Leende";"https://identifier.overheid.nl/tooi/id/gemeente/gm1658";"Website";"Gemeentelijke website";"";"";""
"belastingbalie.hilversum.nl";"Gemeente Hilversum";"https://identifier.overheid.nl/tooi/id/gemeente/gm0402";"Website";"";"";"";""
"bouwenaanhilversum.nl";"Gemeente Hilversum";"https://identifier.overheid.nl/tooi/id/gemeente/gm0402";"Website";"";"";"";""
"energieloket.hilversum.nl";"Gemeente Hilversum";"https://identifier.overheid.nl/tooi/id/gemeente/gm0402";"Website";"";"";"";""
"hilversum.incijfers.nl";"Gemeente Hilversum";"https://identifier.overheid.nl/tooi/id/gemeente/gm0402";"Website";"";"";"";""
"hilversum.nl";"Gemeente Hilversum";"https://identifier.overheid.nl/tooi/id/gemeente/gm0402";"Website";"";"";"";""
"mijnsociaalplein.hilversum.nl";"Gemeente Hilversum";"https://identifier.overheid.nl/tooi/id/gemeente/gm0402";"Website";"";"";"";""
"open.hilversum.nl";"Gemeente Hilversum";"https://identifier.overheid.nl/tooi/id/gemeente/gm0402";"Website";"";"";"";""
"wijdemeren.hilversum.nl";"Gemeente Hilversum";"https://identifier.overheid.nl/tooi/id/gemeente/gm0402";"Website";"";"";"";""
"afspraken.kampen.nl";"Gemeente Kampen";"https://identifier.overheid.nl/tooi/id/gemeente/gm0166";"Website";"";"";"";""
"belasting.kampen.nl";"Gemeente Kampen";"https://identifier.overheid.nl/tooi/id/gemeente/gm0166";"Website";"";"";"";""
"berichten.kampen.nl";"Gemeente Kampen";"https://identifier.overheid.nl/tooi/id/gemeente/gm0166";"Website";"";"";"";""
"dethuisgevers.nl";"Gemeente Kampen";"https://identifier.overheid.nl/tooi/id/gemeente/gm0166";"Website";"";"";"";""
"dloket.kampen.nl";"Gemeente Kampen";"https://identifier.overheid.nl/tooi/id/gemeente/gm0166";"Website";"";"";"";""
"huursportzaal.kampen.nl";"Gemeente Kampen";"https://identifier.overheid.nl/tooi/id/gemeente/gm0166";"Website";"";"";"";""
"iburgerzaken.kampen.nl";"Gemeente Kampen";"https://identifier.overheid.nl/tooi/id/gemeente/gm0166";"Website";"";"";"";""
"impactmeter.kampen.nl";"Gemeente Kampen";"https://identifier.overheid.nl/tooi/id/gemeente/gm0166";"Website";"";"";"";""
"kaart.kampen.nl";"Gemeente Kampen";"https://identifier.overheid.nl/tooi/id/gemeente/gm0166";"Website";"";"";"";""
"kampen.raadsinformatie.nl";"Gemeente Kampen";"https://identifier.overheid.nl/tooi/id/gemeente/gm0166";"Website";"";"";"";""
"meldingen.kampen.nl";"Gemeente Kampen";"https://identifier.overheid.nl/tooi/id/gemeente/gm0166";"Website";"";"";"";""
"parkeervergunning.kampen.nl";"Gemeente Kampen";"https://identifier.overheid.nl/tooi/id/gemeente/gm0166";"Website";"";"";"";""
"stedelijkmuseumkampen.nl";"Gemeente Kampen";"https://identifier.overheid.nl/tooi/id/gemeente/gm0166";"Website";"";"";"";""
"www.kampen.nl";"Gemeente Kampen";"https://identifier.overheid.nl/tooi/id/gemeente/gm0166";"Website";"";"";"";""
"www.kavelsinkampen.nl";"Gemeente Kampen";"https://identifier.overheid.nl/tooi/id/gemeente/gm0166";"Website";"";"";"";""
"www.reevedelta.nl";"Gemeente Kampen";"https://identifier.overheid.nl/tooi/id/gemeente/gm0166";"Website";"";"";"";""
"www.stadsarchiefkampen.nl";"Gemeente Kampen";"https://identifier.overheid.nl/tooi/id/gemeente/gm0166";"Website";"";"";"";""
"belastingloket.gemeentelandvancuijk.nl";"Gemeente Land van Cuijk";"https://identifier.overheid.nl/tooi/id/gemeente/gm1982";"Website";"";"";"";""
"boxmeer.nl";"Gemeente Land van Cuijk";"https://identifier.overheid.nl/tooi/id/gemeente/gm1982";"Doorverwijzing";"";"";"";""
"cgm.nl";"Gemeente Land van Cuijk";"https://identifier.overheid.nl/tooi/id/gemeente/gm1982";"Doorverwijzing";"";"";"";""
"cuijk.nl";"Gemeente Land van Cuijk";"https://identifier.overheid.nl/tooi/id/gemeente/gm1982";"Doorverwijzing";"";"";"";""
"data.landvancuijk.nl";"Gemeente Land van Cuijk";"https://identifier.overheid.nl/tooi/id/gemeente/gm1982";"Website";"";"";"";""
"edienstenburgerzaken.landvancuijk.nl";"Gemeente Land van Cuijk";"https://identifier.overheid.nl/tooi/id/gemeente/gm1982";"Website";"";"";"";""
"gemeente-landvancuijk.nl";"Gemeente Land van Cuijk";"https://identifier.overheid.nl/tooi/id/gemeente/gm1982";"Doorverwijzing";"";"";"";""
"gemeentelandvancuijk.eu";"Gemeente Land van Cuijk";"https://identifier.overheid.nl/tooi/id/gemeente/gm1982";"Doorverwijzing";"";"";"";""
"gemeentelandvancuijk.online";"Gemeente Land van Cuijk";"https://identifier.overheid.nl/tooi/id/gemeente/gm1982";"Doorverwijzing";"";"";"";""
"grave.nl";"Gemeente Land van Cuijk";"https://identifier.overheid.nl/tooi/id/gemeente/gm1982";"Doorverwijzing";"";"";"";""
"landvancuijk.accommodatiehuur.nl";"Gemeente Land van Cuijk";"https://identifier.overheid.nl/tooi/id/gemeente/gm1982";"Website";"";"";"";""
"landvancuijk.begrotingsapp.nl";"Gemeente Land van Cuijk";"https://identifier.overheid.nl/tooi/id/gemeente/gm1982";"Website";"";"";"";""
"landvancuijk.edataloket.eu";"Gemeente Land van Cuijk";"https://identifier.overheid.nl/tooi/id/gemeente/gm1982";"Website";"";"";"";""
"landvancuijk.langetermijnagenda.nl";"Gemeente Land van Cuijk";"https://identifier.overheid.nl/tooi/id/gemeente/gm1982";"Website";"";"";"";""
"landvancuijk.lokalelastenmeter.nl";"Gemeente Land van Cuijk";"https://identifier.overheid.nl/tooi/id/gemeente/gm1982";"Website";"";"";"";""
"landvancuijk.mijnafspraakmaken.nl";"Gemeente Land van Cuijk";"https://identifier.overheid.nl/tooi/id/gemeente/gm1982";"Website";"";"";"";""
"landvancuijk.online";"Gemeente Land van Cuijk";"https://identifier.overheid.nl/tooi/id/gemeente/gm1982";"Doorverwijzing";"";"";"";""
"landvancuijk.vergunningen.info";"Gemeente Land van Cuijk";"https://identifier.overheid.nl/tooi/id/gemeente/gm1982";"Website";"";"";"";""
"lvc.bestuurlijkeinformatie.nl";"Gemeente Land van Cuijk";"https://identifier.overheid.nl/tooi/id/gemeente/gm1982";"Website";"";"";"";""
"millensinthubert.nl";"Gemeente Land van Cuijk";"https://identifier.overheid.nl/tooi/id/gemeente/gm1982";"Doorverwijzing";"";"";"";""
"ons.landvancuijk.nl";"Gemeente Land van Cuijk";"https://identifier.overheid.nl/tooi/id/gemeente/gm1982";"Website";"";"";"";""
"onslandvancuijk.eu";"Gemeente Land van Cuijk";"https://identifier.overheid.nl/tooi/id/gemeente/gm1982";"Doorverwijzing";"";"";"";""
"onslandvancuijk.nl";"Gemeente Land van Cuijk";"https://identifier.overheid.nl/tooi/id/gemeente/gm1982";"Doorverwijzing";"";"";"";""
"onslandvancuijk.nu";"Gemeente Land van Cuijk";"https://identifier.overheid.nl/tooi/id/gemeente/gm1982";"Doorverwijzing";"";"";"";""
"www.cjglandvancuijk.nl";"Gemeente Land van Cuijk";"https://identifier.overheid.nl/tooi/id/gemeente/gm1982";"Website";"";"";"";""
"www.gemeentelandvancuijk.nl";"Gemeente Land van Cuijk";"https://identifier.overheid.nl/tooi/id/gemeente/gm1982";"Website";"";"";"";""
"www.kavelkaarten.nl";"Gemeente Land van Cuijk";"https://identifier.overheid.nl/tooi/id/gemeente/gm1982";"Website";"";"";"";""
"www.landvancuijk.nl";"Gemeente Land van Cuijk";"https://identifier.overheid.nl/tooi/id/gemeente/gm1982";"Website";"";"";"";""
"www.landvancuijkwoont.nl";"Gemeente Land van Cuijk";"https://identifier.overheid.nl/tooi/id/gemeente/gm1982";"Website";"";"";"";""
"www.werkenbijlandvancuijk.nl";"Gemeente Land van Cuijk";"https://identifier.overheid.nl/tooi/id/gemeente/gm1982";"Website";"";"";"";""
"afvalwijzer.lingewaard.nl";"Gemeente Lingewaard";"https://identifier.overheid.nl/tooi/id/gemeente/gm1705";"Website";"";"";"";""
"iburgerzaken.lingewaard.nl";"Gemeente Lingewaard";"https://identifier.overheid.nl/tooi/id/gemeente/gm1705";"Website";"";"";"";""
"klimaatbestendig.lingewaard.nl";"Gemeente Lingewaard";"https://identifier.overheid.nl/tooi/id/gemeente/gm1705";"Website";"";"";"";""
"lingewaard.bestuurlijkeinformatie.nl";"Gemeente Lingewaard";"https://identifier.overheid.nl/tooi/id/gemeente/gm1705";"Website";"";"";"";""
"lingewaard.mijnafspraakmaken.nl";"Gemeente Lingewaard";"https://identifier.overheid.nl/tooi/id/gemeente/gm1705";"Website";"";"";"";""
"lingewaard.pcportal.nl";"Gemeente Lingewaard";"https://identifier.overheid.nl/tooi/id/gemeente/gm1705";"Website";"";"";"";""
"mijn.lingewaard.nl";"Gemeente Lingewaard";"https://identifier.overheid.nl/tooi/id/gemeente/gm1705";"Website";"";"";"";""
"samen.lingewaard.nl";"Gemeente Lingewaard";"https://identifier.overheid.nl/tooi/id/gemeente/gm1705";"Website";"";"";"";""
"www.belastingloket.lingewaard.nl";"Gemeente Lingewaard";"https://identifier.overheid.nl/tooi/id/gemeente/gm1705";"Website";"";"";"";""
"www.lingewaard.nl";"Gemeente Lingewaard";"https://identifier.overheid.nl/tooi/id/gemeente/gm1705";"Website";"";"";"";""
"www.meedoeninlingewaard.nl";"Gemeente Lingewaard";"https://identifier.overheid.nl/tooi/id/gemeente/gm1705";"Website";"";"";"";""
"abczwemmenmaastricht.nl";"Gemeente Maastricht";"https://identifier.overheid.nl/tooi/id/gemeente/gm0935";"Doorverwijzing";"";"";"";""
"afspraak.maastricht.nl";"Gemeente Maastricht";"https://identifier.overheid.nl/tooi/id/gemeente/gm0935";"Website";"";"";"";""
"bedrijfscontactpunt.nl";"Gemeente Maastricht";"https://identifier.overheid.nl/tooi/id/gemeente/gm0935";"Doorverwijzing";"";"";"";""
"kgs.mic.maastricht.nl";"Gemeente Maastricht";"https://identifier.overheid.nl/tooi/id/gemeente/gm0935";"Website";"";"";"";""
"maastricht.parlaeus.nl";"Gemeente Maastricht";"https://identifier.overheid.nl/tooi/id/gemeente/gm0935";"Website";"";"";"";""
"maastrichtforum.nl";"Gemeente Maastricht";"https://identifier.overheid.nl/tooi/id/gemeente/gm0935";"Website";"";"";"";""
"mijnoverzicht.socialezaken-mh.nl";"Gemeente Maastricht";"https://identifier.overheid.nl/tooi/id/gemeente/gm0935";"Doorverwijzing";"";"";"";""
"musicasacramaastricht.nl";"Gemeente Maastricht";"https://identifier.overheid.nl/tooi/id/gemeente/gm0935";"Website";"";"";"";""
"preprod-mijnoverzicht.socialezaken-mh.nl";"Gemeente Maastricht";"https://identifier.overheid.nl/tooi/id/gemeente/gm0935";"Doorverwijzing";"";"";"";""
"subsidies.gemeentemaastricht.nl";"Gemeente Maastricht";"https://identifier.overheid.nl/tooi/id/gemeente/gm0935";"Website";"";"";"";""
"vastgoed.gemeentemaastricht.nl";"Gemeente Maastricht";"https://identifier.overheid.nl/tooi/id/gemeente/gm0935";"Website";"";"";"";""
"www.begraafplaatstongerseweg.nl";"Gemeente Maastricht";"https://identifier.overheid.nl/tooi/id/gemeente/gm0935";"Website";"";"";"";""
"www.belvedere-maastricht.nl";"Gemeente Maastricht";"https://identifier.overheid.nl/tooi/id/gemeente/gm0935";"Website";"";"";"";""
"www.beweeginmaastricht.nl";"Gemeente Maastricht";"https://identifier.overheid.nl/tooi/id/gemeente/gm0935";"Website";"";"";"";""
"www.burgerbegrotingmaastricht.nl";"Gemeente Maastricht";"https://identifier.overheid.nl/tooi/id/gemeente/gm0935";"Website";"";"";"";""
"www.centreceramique.nl";"Gemeente Maastricht";"https://identifier.overheid.nl/tooi/id/gemeente/gm0935";"Website";"";"";"";""
"www.cultuurmakersmaastricht.nl";"Gemeente Maastricht";"https://identifier.overheid.nl/tooi/id/gemeente/gm0935";"Website";"";"";"";""
"www.expatcentremaastrichtregion.nl";"Gemeente Maastricht";"https://identifier.overheid.nl/tooi/id/gemeente/gm0935";"Website";"";"";"";""
"www.geldwijzermaastricht.nl";"Gemeente Maastricht";"https://identifier.overheid.nl/tooi/id/gemeente/gm0935";"Website";"";"";"";""
"www.gemeentemaastricht.nl";"Gemeente Maastricht";"https://identifier.overheid.nl/tooi/id/gemeente/gm0935";"Website";"";"";"";""
"www.geusseltbad.nl";"Gemeente Maastricht";"https://identifier.overheid.nl/tooi/id/gemeente/gm0935";"Website";"";"";"";""
"www.jeugdhulpzuidlimburg.nl";"Gemeente Maastricht";"https://identifier.overheid.nl/tooi/id/gemeente/gm0935";"Website";"";"";"";""
"www.kumulus.nl";"Gemeente Maastricht";"https://identifier.overheid.nl/tooi/id/gemeente/gm0935";"Website";"";"";"";""
"www.learnmaastricht.nl";"Gemeente Maastricht";"https://identifier.overheid.nl/tooi/id/gemeente/gm0935";"Website";"";"";"";""
"www.maastrichtbeleid.nl";"Gemeente Maastricht";"https://identifier.overheid.nl/tooi/id/gemeente/gm0935";"Website";"";"";"";""
"www.maastrichtmuseum.nl";"Gemeente Maastricht";"https://identifier.overheid.nl/tooi/id/gemeente/gm0935";"Website";"";"";"";""
"www.maastrichtportal.nl";"Gemeente Maastricht";"https://identifier.overheid.nl/tooi/id/gemeente/gm0935";"Website";"";"";"";""
"www.maastrichtsport.nl";"Gemeente Maastricht";"https://identifier.overheid.nl/tooi/id/gemeente/gm0935";"Website";"";"";"";""
"www.socialezaken-mh.nl";"Gemeente Maastricht";"https://identifier.overheid.nl/tooi/id/gemeente/gm0935";"Website";"";"";"";""
"www.thuisinmaastricht.nl";"Gemeente Maastricht";"https://identifier.overheid.nl/tooi/id/gemeente/gm0935";"Website";"";"";"";""
"www.welcometomaastrichtregion.com";"Gemeente Maastricht";"https://identifier.overheid.nl/tooi/id/gemeente/gm0935";"Website";"";"";"";""
"www.werkenvoormaastricht.nl";"Gemeente Maastricht";"https://identifier.overheid.nl/tooi/id/gemeente/gm0935";"Website";"";"";"";""
"www.zichtopmaastricht.nl";"Gemeente Maastricht";"https://identifier.overheid.nl/tooi/id/gemeente/gm0935";"Website";"";"";"";""
"access.meierijstad.nl";"Gemeente Meierijstad";"https://identifier.overheid.nl/tooi/id/gemeente/gm1948";"Website";"";"";"";""
"belastingbalie.meierijstad.nl";"Gemeente Meierijstad";"https://identifier.overheid.nl/tooi/id/gemeente/gm1948";"Website";"";"";"";""
"bezoekschijndel.nl";"Gemeente Meierijstad";"https://identifier.overheid.nl/tooi/id/gemeente/gm1948";"Doorverwijzing";"";"";"";""
"bezoekveghel.nl";"Gemeente Meierijstad";"https://identifier.overheid.nl/tooi/id/gemeente/gm1948";"Doorverwijzing";"";"";"";""
"bizzi.nl";"Gemeente Meierijstad";"https://identifier.overheid.nl/tooi/id/gemeente/gm1948";"Doorverwijzing";"";"";"";""
"brabantwoontslim.nl";"Gemeente Meierijstad";"https://identifier.overheid.nl/tooi/id/gemeente/gm1948";"Website";"";"";"";""
"cjgschijndel.nl";"Gemeente Meierijstad";"https://identifier.overheid.nl/tooi/id/gemeente/gm1948";"Doorverwijzing";"";"";"";""
"cmsintranet.meierijstad.nl";"Gemeente Meierijstad";"https://identifier.overheid.nl/tooi/id/gemeente/gm1948";"Doorverwijzing";"";"";"";""
"deneul.nl";"Gemeente Meierijstad";"https://identifier.overheid.nl/tooi/id/gemeente/gm1948";"Doorverwijzing";"";"";"";""
"dorusvanoorschot.nl";"Gemeente Meierijstad";"https://identifier.overheid.nl/tooi/id/gemeente/gm1948";"Doorverwijzing";"";"";"";""
"duurzaammeierijstad.nl";"Gemeente Meierijstad";"https://identifier.overheid.nl/tooi/id/gemeente/gm1948";"Doorverwijzing";"";"";"";""
"edienstenburgerzaken-test.meierijstad.nl";"Gemeente Meierijstad";"https://identifier.overheid.nl/tooi/id/gemeente/gm1948";"Website";"";"";"";""
"edienstenburgerzaken.meierijstad.nl";"Gemeente Meierijstad";"https://identifier.overheid.nl/tooi/id/gemeente/gm1948";"Website";"";"";"";""
"energiehuis-meierijstad.nl";"Gemeente Meierijstad";"https://identifier.overheid.nl/tooi/id/gemeente/gm1948";"Doorverwijzing";"";"";"";""
"foodparkveghel.nl";"Gemeente Meierijstad";"https://identifier.overheid.nl/tooi/id/gemeente/gm1948";"Doorverwijzing";"";"";"";""
"intranet.meierijstad.nl";"Gemeente Meierijstad";"https://identifier.overheid.nl/tooi/id/gemeente/gm1948";"Website";"";"";"";""
"janheesters.nl";"Gemeente Meierijstad";"https://identifier.overheid.nl/tooi/id/gemeente/gm1948";"Doorverwijzing";"";"";"";""
"kloosterkwartierveghel.nl";"Gemeente Meierijstad";"https://identifier.overheid.nl/tooi/id/gemeente/gm1948";"Website";"";"";"";""
"landschapsparkvlagheide.nl";"Gemeente Meierijstad";"https://identifier.overheid.nl/tooi/id/gemeente/gm1948";"Doorverwijzing";"";"";"";""
"landschapsparkvlagheideberg.nl";"Gemeente Meierijstad";"https://identifier.overheid.nl/tooi/id/gemeente/gm1948";"Doorverwijzing";"";"";"";""
"link.socialewegwijzer.meierijstad.nl";"Gemeente Meierijstad";"https://identifier.overheid.nl/tooi/id/gemeente/gm1948";"Doorverwijzing";"";"";"";""
"liquit.meierijstad.nl";"Gemeente Meierijstad";"https://identifier.overheid.nl/tooi/id/gemeente/gm1948";"Doorverwijzing";"";"";"";""
"lvs.meierijstadbeweegt.nl";"Gemeente Meierijstad";"https://identifier.overheid.nl/tooi/id/gemeente/gm1948";"Doorverwijzing";"";"";"";""
"meieriistad.nl";"Gemeente Meierijstad";"https://identifier.overheid.nl/tooi/id/gemeente/gm1948";"Doorverwijzing";"";"";"";""
"meierijstad.bestuurlijkeinformatie.nl";"Gemeente Meierijstad";"https://identifier.overheid.nl/tooi/id/gemeente/gm1948";"Website";"";"";"";""
"meierijstad.biz";"Gemeente Meierijstad";"https://identifier.overheid.nl/tooi/id/gemeente/gm1948";"Doorverwijzing";"";"";"";""
"meierijstad.com";"Gemeente Meierijstad";"https://identifier.overheid.nl/tooi/id/gemeente/gm1948";"Doorverwijzing";"";"";"";""
"meierijstad.dev";"Gemeente Meierijstad";"https://identifier.overheid.nl/tooi/id/gemeente/gm1948";"Doorverwijzing";"";"";"";""
"meierijstad.eu";"Gemeente Meierijstad";"https://identifier.overheid.nl/tooi/id/gemeente/gm1948";"Doorverwijzing";"";"";"";""
"meierijstad.info";"Gemeente Meierijstad";"https://identifier.overheid.nl/tooi/id/gemeente/gm1948";"Doorverwijzing";"";"";"";""
"meierijstad.org";"Gemeente Meierijstad";"https://identifier.overheid.nl/tooi/id/gemeente/gm1948";"Doorverwijzing";"";"";"";""
"meierijstadherdenkt.nl";"Gemeente Meierijstad";"https://identifier.overheid.nl/tooi/id/gemeente/gm1948";"Doorverwijzing";"";"";"";""
"meierijstadmijmert.nl";"Gemeente Meierijstad";"https://identifier.overheid.nl/tooi/id/gemeente/gm1948";"Doorverwijzing";"";"";"";""
"meierijstadvoorondernemers.nl";"Gemeente Meierijstad";"https://identifier.overheid.nl/tooi/id/gemeente/gm1948";"Doorverwijzing";"";"";"";""
"meierstad.nl";"Gemeente Meierijstad";"https://identifier.overheid.nl/tooi/id/gemeente/gm1948";"Doorverwijzing";"";"";"";""
"meijerijstad.nl";"Gemeente Meierijstad";"https://identifier.overheid.nl/tooi/id/gemeente/gm1948";"Doorverwijzing";"";"";"";""
"meldingen-acc.meierijstad.nl";"Gemeente Meierijstad";"https://identifier.overheid.nl/tooi/id/gemeente/gm1948";"Website";"";"";"";""
"meldingen.meierijstad.nl";"Gemeente Meierijstad";"https://identifier.overheid.nl/tooi/id/gemeente/gm1948";"Website";"";"";"";""
"mijn.meierijstadbeweegt.nl";"Gemeente Meierijstad";"https://identifier.overheid.nl/tooi/id/gemeente/gm1948";"Doorverwijzing";"";"";"";""
"mijnpim.nu";"Gemeente Meierijstad";"https://identifier.overheid.nl/tooi/id/gemeente/gm1948";"Doorverwijzing";"";"";"";""
"mijnsociaaldomein-acc.meierijstad.nl";"Gemeente Meierijstad";"https://identifier.overheid.nl/tooi/id/gemeente/gm1948";"Doorverwijzing";"";"";"";""
"mijnsociaaldomein.meierijstad.nl";"Gemeente Meierijstad";"https://identifier.overheid.nl/tooi/id/gemeente/gm1948";"Doorverwijzing";"";"";"";""
"museumjanheestershuis.nl";"Gemeente Meierijstad";"https://identifier.overheid.nl/tooi/id/gemeente/gm1948";"Doorverwijzing";"";"";"";""
"museummeierijstad.com";"Gemeente Meierijstad";"https://identifier.overheid.nl/tooi/id/gemeente/gm1948";"Doorverwijzing";"";"";"";""
"museummeierijstad.nl";"Gemeente Meierijstad";"https://identifier.overheid.nl/tooi/id/gemeente/gm1948";"Doorverwijzing";"";"";"";""
"natuurtuinbundertje.nl";"Gemeente Meierijstad";"https://identifier.overheid.nl/tooi/id/gemeente/gm1948";"Website";"";"";"";""
"optimisd.nl";"Gemeente Meierijstad";"https://identifier.overheid.nl/tooi/id/gemeente/gm1948";"Doorverwijzing";"";"";"";""
"participatie.meierijstad.nl";"Gemeente Meierijstad";"https://identifier.overheid.nl/tooi/id/gemeente/gm1948";"Website";"";"";"";""
"pimacademy.nu";"Gemeente Meierijstad";"https://identifier.overheid.nl/tooi/id/gemeente/gm1948";"Doorverwijzing";"";"";"";""
"pimactief.nu";"Gemeente Meierijstad";"https://identifier.overheid.nl/tooi/id/gemeente/gm1948";"Doorverwijzing";"";"";"";""
"pimleerwerkbedrijf.nu";"Gemeente Meierijstad";"https://identifier.overheid.nl/tooi/id/gemeente/gm1948";"Doorverwijzing";"";"";"";""
"pimsupport.nu";"Gemeente Meierijstad";"https://identifier.overheid.nl/tooi/id/gemeente/gm1948";"Doorverwijzing";"";"";"";""
"pimvitaal.nu";"Gemeente Meierijstad";"https://identifier.overheid.nl/tooi/id/gemeente/gm1948";"Doorverwijzing";"";"";"";""
"pimwelkom.nu";"Gemeente Meierijstad";"https://identifier.overheid.nl/tooi/id/gemeente/gm1948";"Doorverwijzing";"";"";"";""
"pimwerkt.nu";"Gemeente Meierijstad";"https://identifier.overheid.nl/tooi/id/gemeente/gm1948";"Website";"";"";"";""
"preprod-belasting.meierijstad.nl";"Gemeente Meierijstad";"https://identifier.overheid.nl/tooi/id/gemeente/gm1948";"Website";"";"";"";""
"preprod.inloggen.meierijstad.nl";"Gemeente Meierijstad";"https://identifier.overheid.nl/tooi/id/gemeente/gm1948";"Doorverwijzing";"";"";"";""
"publicmedia.meierijstad.nl";"Gemeente Meierijstad";"https://identifier.overheid.nl/tooi/id/gemeente/gm1948";"Website";"";"";"";""
"raadhuisschijndel.nl";"Gemeente Meierijstad";"https://identifier.overheid.nl/tooi/id/gemeente/gm1948";"Doorverwijzing";"";"";"";""
"raadmeierijstad.nl";"Gemeente Meierijstad";"https://identifier.overheid.nl/tooi/id/gemeente/gm1948";"Doorverwijzing";"";"";"";""
"schijndel.nl";"Gemeente Meierijstad";"https://identifier.overheid.nl/tooi/id/gemeente/gm1948";"Doorverwijzing";"";"";"";""
"schijndelontmoet.nl";"Gemeente Meierijstad";"https://identifier.overheid.nl/tooi/id/gemeente/gm1948";"Doorverwijzing";"";"";"";""
"sera.meierijstadbeweegt.nl";"Gemeente Meierijstad";"https://identifier.overheid.nl/tooi/id/gemeente/gm1948";"Doorverwijzing";"";"";"";""
"servicedesk.meierijstad.nl";"Gemeente Meierijstad";"https://identifier.overheid.nl/tooi/id/gemeente/gm1948";"Doorverwijzing";"";"";"";""
"sint-oedenrode.nl";"Gemeente Meierijstad";"https://identifier.overheid.nl/tooi/id/gemeente/gm1948";"Doorverwijzing";"";"";"";""
"skipdietrip.nl";"Gemeente Meierijstad";"https://identifier.overheid.nl/tooi/id/gemeente/gm1948";"Doorverwijzing";"";"";"";""
"sociaalwijkteamschijndel.nl";"Gemeente Meierijstad";"https://identifier.overheid.nl/tooi/id/gemeente/gm1948";"Doorverwijzing";"";"";"";""
"socialewegwijzer.meierijstad.nl";"Gemeente Meierijstad";"https://identifier.overheid.nl/tooi/id/gemeente/gm1948";"Website";"";"";"";""
"sportawardsmeierijstad.nl";"Gemeente Meierijstad";"https://identifier.overheid.nl/tooi/id/gemeente/gm1948";"Doorverwijzing";"";"";"";""
"sportbedrijf.com";"Gemeente Meierijstad";"https://identifier.overheid.nl/tooi/id/gemeente/gm1948";"Doorverwijzing";"";"";"";""
"sportmeierijstad.nl";"Gemeente Meierijstad";"https://identifier.overheid.nl/tooi/id/gemeente/gm1948";"Doorverwijzing";"";"";"";""
"ssvfusie.nl";"Gemeente Meierijstad";"https://identifier.overheid.nl/tooi/id/gemeente/gm1948";"Doorverwijzing";"";"";"";""
"test-cmsintranet.meierijstad.nl";"Gemeente Meierijstad";"https://identifier.overheid.nl/tooi/id/gemeente/gm1948";"Doorverwijzing";"";"";"";""
"test-intranet.meierijstad.nl";"Gemeente Meierijstad";"https://identifier.overheid.nl/tooi/id/gemeente/gm1948";"Website";"";"";"";""
"testwebsite.meierijstad.nl";"Gemeente Meierijstad";"https://identifier.overheid.nl/tooi/id/gemeente/gm1948";"Doorverwijzing";"";"";"";""
"toekomstvisie-meierijstad.nl";"Gemeente Meierijstad";"https://identifier.overheid.nl/tooi/id/gemeente/gm1948";"Website";"";"";"";""
"veghel.nl";"Gemeente Meierijstad";"https://identifier.overheid.nl/tooi/id/gemeente/gm1948";"Doorverwijzing";"";"";"";""
"veghels-buiten.com";"Gemeente Meierijstad";"https://identifier.overheid.nl/tooi/id/gemeente/gm1948";"Doorverwijzing";"";"";"";""
"veghelsbuiten.com";"Gemeente Meierijstad";"https://identifier.overheid.nl/tooi/id/gemeente/gm1948";"Doorverwijzing";"";"";"";""
"visitmeierijstad.com";"Gemeente Meierijstad";"https://identifier.overheid.nl/tooi/id/gemeente/gm1948";"Doorverwijzing";"";"";"";""
"vlagheideberg.nl";"Gemeente Meierijstad";"https://identifier.overheid.nl/tooi/id/gemeente/gm1948";"Doorverwijzing";"";"";"";""
"voedsel-var.nl";"Gemeente Meierijstad";"https://identifier.overheid.nl/tooi/id/gemeente/gm1948";"Doorverwijzing";"";"";"";""
"webmail.meierijstad.nl";"Gemeente Meierijstad";"https://identifier.overheid.nl/tooi/id/gemeente/gm1948";"Doorverwijzing";"";"";"";""
"werkplek.meierijstad.nl";"Gemeente Meierijstad";"https://identifier.overheid.nl/tooi/id/gemeente/gm1948";"Website";"";"";"";""
"www.kunstcollectiemeierijstad.nl";"Gemeente Meierijstad";"https://identifier.overheid.nl/tooi/id/gemeente/gm1948";"Website";"";"";"";""
"www.meierijstad.nl";"Gemeente Meierijstad";"https://identifier.overheid.nl/tooi/id/gemeente/gm1948";"Website";"";"";"";""
"www.meierijstadbeweegt.nl";"Gemeente Meierijstad";"https://identifier.overheid.nl/tooi/id/gemeente/gm1948";"Website";"";"";"";""
"www.sport.meierijstadbeweegt.nl";"Gemeente Meierijstad";"https://identifier.overheid.nl/tooi/id/gemeente/gm1948";"Website";"";"";"";""
"www.veghelsbuiten.nl";"Gemeente Meierijstad";"https://identifier.overheid.nl/tooi/id/gemeente/gm1948";"Website";"";"";"";""
"www.werkenbijgemeentemeierijstad.nl";"Gemeente Meierijstad";"https://identifier.overheid.nl/tooi/id/gemeente/gm1948";"Website";"";"";"";""
"www.werkeninnoordoostbrabant.nl";"Gemeente Meierijstad";"https://identifier.overheid.nl/tooi/id/gemeente/gm1948";"Website";"";"";"";""
"zwembaddemolenhey.nl";"Gemeente Meierijstad";"https://identifier.overheid.nl/tooi/id/gemeente/gm1948";"Doorverwijzing";"";"";"";""
"www.meppel.nl";"Gemeente Meppel";"https://identifier.overheid.nl/tooi/id/gemeente/gm0119";"Website";"";"";"";""
"afspraken.nissewaard.nl";"Gemeente Nissewaard";"https://identifier.overheid.nl/tooi/id/gemeente/gm1930";"Website";"";"";"";""
"belastingbalie.nissewaard.nl";"Gemeente Nissewaard";"https://identifier.overheid.nl/tooi/id/gemeente/gm1930";"Website";"";"";"";""
"beleefnissewaard.nl";"Gemeente Nissewaard";"https://identifier.overheid.nl/tooi/id/gemeente/gm1930";"Doorverwijzing";"";"";"";""
"biosaandemaas.nl";"Gemeente Nissewaard";"https://identifier.overheid.nl/tooi/id/gemeente/gm1930";"Doorverwijzing";"";"";"";""
"buurtpreventienissewaard.nl";"Gemeente Nissewaard";"https://identifier.overheid.nl/tooi/id/gemeente/gm1930";"Doorverwijzing";"";"";"";""
"edienstenburgerzaken.nissewaard.nl";"Gemeente Nissewaard";"https://identifier.overheid.nl/tooi/id/gemeente/gm1930";"Website";"";"";"";""
"eropuitnissewaard.nl";"Gemeente Nissewaard";"https://identifier.overheid.nl/tooi/id/gemeente/gm1930";"Doorverwijzing";"";"";"";""
"gemeentenissewaard.nl";"Gemeente Nissewaard";"https://identifier.overheid.nl/tooi/id/gemeente/gm1930";"Doorverwijzing";"";"";"";""
"herstelbudgetnissewaard.nl";"Gemeente Nissewaard";"https://identifier.overheid.nl/tooi/id/gemeente/gm1930";"Website";"";"";"";""
"inspijkenisse.nl";"Gemeente Nissewaard";"https://identifier.overheid.nl/tooi/id/gemeente/gm1930";"Doorverwijzing";"";"";"";""
"kerngerichtwerken.nl";"Gemeente Nissewaard";"https://identifier.overheid.nl/tooi/id/gemeente/gm1930";"Doorverwijzing";"";"";"";""
"kinderboerderijspijkenisse.nl";"Gemeente Nissewaard";"https://identifier.overheid.nl/tooi/id/gemeente/gm1930";"Doorverwijzing";"";"";"";""
"leveninnissewaard.nl";"Gemeente Nissewaard";"https://identifier.overheid.nl/tooi/id/gemeente/gm1930";"Doorverwijzing";"";"";"";""
"magischheenvliet.nl";"Gemeente Nissewaard";"https://identifier.overheid.nl/tooi/id/gemeente/gm1930";"Doorverwijzing";"";"";"";""
"mijnnissewaard.nl";"Gemeente Nissewaard";"https://identifier.overheid.nl/tooi/id/gemeente/gm1930";"Doorverwijzing";"";"";"";""
"mijnschuldhulpverlening.nissewaard.nl";"Gemeente Nissewaard";"https://identifier.overheid.nl/tooi/id/gemeente/gm1930";"Website";"";"";"";""
"mijnuitkering.nissewaard.nl";"Gemeente Nissewaard";"https://identifier.overheid.nl/tooi/id/gemeente/gm1930";"Website";"";"";"";""
"mooiwoneninnissewaard.nl";"Gemeente Nissewaard";"https://identifier.overheid.nl/tooi/id/gemeente/gm1930";"Doorverwijzing";"";"";"";""
"mooiwoneninspijkenisse.nl";"Gemeente Nissewaard";"https://identifier.overheid.nl/tooi/id/gemeente/gm1930";"Doorverwijzing";"";"";"";""
"nikswaard.nl";"Gemeente Nissewaard";"https://identifier.overheid.nl/tooi/id/gemeente/gm1930";"Doorverwijzing";"";"";"";""
"nisserwaard.nl";"Gemeente Nissewaard";"https://identifier.overheid.nl/tooi/id/gemeente/gm1930";"Doorverwijzing";"";"";"";""
"nissewaard.begroting-2023.nl";"Gemeente Nissewaard";"https://identifier.overheid.nl/tooi/id/gemeente/gm1930";"Website";"";"";"";""
"nissewaard.begroting-2024.nl";"Gemeente Nissewaard";"https://identifier.overheid.nl/tooi/id/gemeente/gm1930";"Website";"";"";"";""
"nissewaard.jaarverslag-2022.nl";"Gemeente Nissewaard";"https://identifier.overheid.nl/tooi/id/gemeente/gm1930";"Website";"";"";"";""
"nissewaard.notubiz.nl";"Gemeente Nissewaard";"https://identifier.overheid.nl/tooi/id/gemeente/gm1930";"Website";"";"";"";""
"nissewaard.raadsinformatie.nl";"Gemeente Nissewaard";"https://identifier.overheid.nl/tooi/id/gemeente/gm1930";"Website";"";"";"";""
"nissewaardbespaart.nl";"Gemeente Nissewaard";"https://identifier.overheid.nl/tooi/id/gemeente/gm1930";"Website";"";"";"";""
"nissewaardverbindt.nl";"Gemeente Nissewaard";"https://identifier.overheid.nl/tooi/id/gemeente/gm1930";"Doorverwijzing";"";"";"";""
"nissewaardwerkt.nl";"Gemeente Nissewaard";"https://identifier.overheid.nl/tooi/id/gemeente/gm1930";"Doorverwijzing";"";"";"";""
"nissewaardwoont.nl";"Gemeente Nissewaard";"https://identifier.overheid.nl/tooi/id/gemeente/gm1930";"Website";"";"";"";""
"openstadnissewaard.nl";"Gemeente Nissewaard";"https://identifier.overheid.nl/tooi/id/gemeente/gm1930";"Doorverwijzing";"";"";"";""
"parkeervergunning.nissewaard.nl";"Gemeente Nissewaard";"https://identifier.overheid.nl/tooi/id/gemeente/gm1930";"Website";"";"";"";""
"parkeren.nissewaard.nl";"Gemeente Nissewaard";"https://identifier.overheid.nl/tooi/id/gemeente/gm1930";"Website";"";"";"";""
"pulsmusic.nl";"Gemeente Nissewaard";"https://identifier.overheid.nl/tooi/id/gemeente/gm1930";"Website";"";"";"";""
"snelbalie.nissewaard.nl";"Gemeente Nissewaard";"https://identifier.overheid.nl/tooi/id/gemeente/gm1930";"Website";"";"";"";""
"spijkenisse.nl";"Gemeente Nissewaard";"https://identifier.overheid.nl/tooi/id/gemeente/gm1930";"Doorverwijzing";"";"";"";""
"spijkenissefestival.nl";"Gemeente Nissewaard";"https://identifier.overheid.nl/tooi/id/gemeente/gm1930";"Website";"";"";"";""
"stembureau-nissewaard.nl";"Gemeente Nissewaard";"https://identifier.overheid.nl/tooi/id/gemeente/gm1930";"Website";"";"";"";""
"theaterdestoep.nl";"Gemeente Nissewaard";"https://identifier.overheid.nl/tooi/id/gemeente/gm1930";"Website";"";"";"";""
"thuishavenvaneenwereldhaven.nl";"Gemeente Nissewaard";"https://identifier.overheid.nl/tooi/id/gemeente/gm1930";"Doorverwijzing";"";"";"";""
"thuisindewijknissewaard.nl";"Gemeente Nissewaard";"https://identifier.overheid.nl/tooi/id/gemeente/gm1930";"Doorverwijzing";"";"";"";""
"tidwnissewaard.nl";"Gemeente Nissewaard";"https://identifier.overheid.nl/tooi/id/gemeente/gm1930";"Doorverwijzing";"";"";"";""
"toekomstnissewaard.nl";"Gemeente Nissewaard";"https://identifier.overheid.nl/tooi/id/gemeente/gm1930";"Website";"";"";"";""
"vacatures.werkenbijnissewaard.nl";"Gemeente Nissewaard";"https://identifier.overheid.nl/tooi/id/gemeente/gm1930";"Website";"";"";"";""
"vliegerfestivalspijkenisse.nl";"Gemeente Nissewaard";"https://identifier.overheid.nl/tooi/id/gemeente/gm1930";"Doorverwijzing";"";"";"";""
"waarinnissewaard.nl";"Gemeente Nissewaard";"https://identifier.overheid.nl/tooi/id/gemeente/gm1930";"Doorverwijzing";"";"";"";""
"werkenvoornissewaard.nl";"Gemeente Nissewaard";"https://identifier.overheid.nl/tooi/id/gemeente/gm1930";"Doorverwijzing";"";"";"";""
"wijdoengroen.nu";"Gemeente Nissewaard";"https://identifier.overheid.nl/tooi/id/gemeente/gm1930";"Website";"";"";"";""
"woneninjeelement.nl";"Gemeente Nissewaard";"https://identifier.overheid.nl/tooi/id/gemeente/gm1930";"Doorverwijzing";"";"";"";""
"wonennissewaard.nl";"Gemeente Nissewaard";"https://identifier.overheid.nl/tooi/id/gemeente/gm1930";"Doorverwijzing";"";"";"";""
"www.actiefinnissewaard.nl";"Gemeente Nissewaard";"https://identifier.overheid.nl/tooi/id/gemeente/gm1930";"Website";"";"";"";""
"www.asd-nissewaard.nl";"Gemeente Nissewaard";"https://identifier.overheid.nl/tooi/id/gemeente/gm1930";"Website";"";"";"";""
"www.cvdks.nl";"Gemeente Nissewaard";"https://identifier.overheid.nl/tooi/id/gemeente/gm1930";"Website";"";"";"";""
"www.nissewaard.nl";"Gemeente Nissewaard";"https://identifier.overheid.nl/tooi/id/gemeente/gm1930";"Website";"";"";"";""
"www.reinis.nl";"Gemeente Nissewaard";"https://identifier.overheid.nl/tooi/id/gemeente/gm1930";"Website";"";"";"";""
"www.thuisinnissewaard.nl";"Gemeente Nissewaard";"https://identifier.overheid.nl/tooi/id/gemeente/gm1930";"Website";"";"";"";""
"www.vpwerkt.nl";"Gemeente Nissewaard";"https://identifier.overheid.nl/tooi/id/gemeente/gm1930";"Website";"";"";"";""
"youngnissewaard.nl";"Gemeente Nissewaard";"https://identifier.overheid.nl/tooi/id/gemeente/gm1930";"Doorverwijzing";"";"";"";""
"zorgkeuzenissewaard.nl";"Gemeente Nissewaard";"https://identifier.overheid.nl/tooi/id/gemeente/gm1930";"Website";"";"";"";""
"ljochtbus.nl";"Gemeente Noardeast-Fryslân";"https://identifier.overheid.nl/tooi/id/gemeente/gm1970";"Website";"";"";"";""
"loket.noardeast-fryslan.nl";"Gemeente Noardeast-Fryslân";"https://identifier.overheid.nl/tooi/id/gemeente/gm1970";"Website";"";"";"";""
"noardeast-fryslan.mijnafspraakmaken.nl";"Gemeente Noardeast-Fryslân";"https://identifier.overheid.nl/tooi/id/gemeente/gm1970";"Website";"";"";"";""
"noardeastfryslan.bestuurlijkeinformatie.nl";"Gemeente Noardeast-Fryslân";"https://identifier.overheid.nl/tooi/id/gemeente/gm1970";"Website";"";"";"";""
"offalkalinder.nl";"Gemeente Noardeast-Fryslân";"https://identifier.overheid.nl/tooi/id/gemeente/gm1970";"Website";"";"";"";""
"werkenbij.noardeast-fryslan.nl";"Gemeente Noardeast-Fryslân";"https://identifier.overheid.nl/tooi/id/gemeente/gm1970";"Website";"";"";"";""
"www.noardeast-fryslan.nl";"Gemeente Noardeast-Fryslân";"https://identifier.overheid.nl/tooi/id/gemeente/gm1970";"Website";"";"";"";""
"woneninnoordoostpolder.nl";"Gemeente Noordoostpolder";"https://identifier.overheid.nl/tooi/id/gemeente/gm0171";"Website";"";"";"";""
"www.noordoostpolder.nl";"Gemeente Noordoostpolder";"https://identifier.overheid.nl/tooi/id/gemeente/gm0171";"Website";"Hoofddomein van gemeente Noordoostpolder";"01-09-2000";"";"https://noordoostpolder.archiefweb.eu/#archive"
"1627doormijnogen.nl";"Gemeente Oost Gelre";"https://identifier.overheid.nl/tooi/id/gemeente/gm1586";"Website";"";"";"";""
"bouwenenwoneninoostgelre.nl";"Gemeente Oost Gelre";"https://identifier.overheid.nl/tooi/id/gemeente/gm1586";"Website";"";"";"";""
"erfgoedoostachterhoek.nl";"Gemeente Oost Gelre";"https://identifier.overheid.nl/tooi/id/gemeente/gm1586";"Website";"";"";"";""
"heeloostgelrebeweegt.nl";"Gemeente Oost Gelre";"https://identifier.overheid.nl/tooi/id/gemeente/gm1586";"Website";"";"";"";""
"lichtenvoorde.nl";"Gemeente Oost Gelre";"https://identifier.overheid.nl/tooi/id/gemeente/gm1586";"Website";"";"";"";""
"ombudsmanoostgelre.nl";"Gemeente Oost Gelre";"https://identifier.overheid.nl/tooi/id/gemeente/gm1586";"Website";"";"";"";""
"preventieplatformjeugd.nl";"Gemeente Oost Gelre";"https://identifier.overheid.nl/tooi/id/gemeente/gm1586";"Website";"";"";"";""
"sameninoostgelre.nl";"Gemeente Oost Gelre";"https://identifier.overheid.nl/tooi/id/gemeente/gm1586";"Website";"";"";"";""
"www.oostgelre.nl";"Gemeente Oost Gelre";"https://identifier.overheid.nl/tooi/id/gemeente/gm1586";"Website";"";"";"";""
"www.vrijetijdsmakelaar.nl";"Gemeente Oost Gelre";"https://identifier.overheid.nl/tooi/id/gemeente/gm1586";"Website";"";"";"";""
"belastingloket.oudewater.nl";"Gemeente Oudewater";"https://identifier.overheid.nl/tooi/id/gemeente/gm0589";"Website";"";"";"";""
"denkmee.oudewater.nl";"Gemeente Oudewater";"https://identifier.overheid.nl/tooi/id/gemeente/gm0589";"Website";"";"";"";""
"edienstenburgerzaken.oudewater.nl";"Gemeente Oudewater";"https://identifier.overheid.nl/tooi/id/gemeente/gm0589";"Website";"";"";"";""
"gemeenteraad.oudewater.nl";"Gemeente Oudewater";"https://identifier.overheid.nl/tooi/id/gemeente/gm0589";"Website";"";"";"";""
"open.oudewater.nl";"Gemeente Oudewater";"https://identifier.overheid.nl/tooi/id/gemeente/gm0589";"Website";"";"";"";""
"snelbalie.oudewater.nl";"Gemeente Oudewater";"https://identifier.overheid.nl/tooi/id/gemeente/gm0589";"Website";"";"";"";""
"werkenbijoudewater.nl";"Gemeente Oudewater";"https://identifier.overheid.nl/tooi/id/gemeente/gm0589";"Doorverwijzing";"";"";"";""
"www.oudewater.nl";"Gemeente Oudewater";"https://identifier.overheid.nl/tooi/id/gemeente/gm0589";"Website";"";"";"";""
"www.pijnacker-nootdorp.nl";"Gemeente Pijnacker-Nootdorp";"https://identifier.overheid.nl/tooi/id/gemeente/gm1926";"Website";"Gemeentelijke website Pijnacker-Nootdorp";"05-06-2001";"";""
"ridderkerk.raadsinformatie.nl";"Gemeente Ridderkerk";"https://identifier.overheid.nl/tooi/id/gemeente/gm0597";"Website";"";"";"";""
"www.ridderkerk.nl";"Gemeente Ridderkerk";"https://identifier.overheid.nl/tooi/id/gemeente/gm0597";"Website";"";"";"";""
"www.uitagendaridderkerk.nl";"Gemeente Ridderkerk";"https://identifier.overheid.nl/tooi/id/gemeente/gm0597";"Website";"";"";"";""
"www.werkenvoorridderkerk.nl";"Gemeente Ridderkerk";"https://identifier.overheid.nl/tooi/id/gemeente/gm0597";"Website";"";"";"";""
"werkenvoorroosendaal.nl";"Gemeente Roosendaal";"https://identifier.overheid.nl/tooi/id/gemeente/gm1674";"Website";"";"";"";""
"www.mijnroosendaal.nl";"Gemeente Roosendaal";"https://identifier.overheid.nl/tooi/id/gemeente/gm1674";"Website";"";"";"";""
"www.roosendaal.nl";"Gemeente Roosendaal";"https://identifier.overheid.nl/tooi/id/gemeente/gm1674";"Website";"";"";"";""
"durpswinkel.nl";"Gemeente Simpelveld";"https://identifier.overheid.nl/tooi/id/gemeente/gm0965";"Website";"";"23-04-2013";"";""
"simpelveld.bestuurlijkeinformatie.nl";"Gemeente Simpelveld";"https://identifier.overheid.nl/tooi/id/gemeente/gm0965";"Website";"Bestuurlijke informatie";"";"";""
"simpelveld.mijnafspraakmaken.nl";"Gemeente Simpelveld";"https://identifier.overheid.nl/tooi/id/gemeente/gm0965";"Website";"Afspraken module";"";"";""
"simpelveld.nl";"Gemeente Simpelveld";"https://identifier.overheid.nl/tooi/id/gemeente/gm0965";"Website";"Gemeentelijke website voor informatie, aanvragen enz";"14-11-2006";"";"https://simpelveld.presurf.nl/public/latest/https://www.simpelveld.nl/"
"toeristischsimpelveld.nl";"Gemeente Simpelveld";"https://identifier.overheid.nl/tooi/id/gemeente/gm0965";"Website";"Toeristische website voor de gemeente Simpelveld";"06-11-2008";"";"https://simpelveld.presurf.nl/public/latest/https://www.toeristischsimpelveld.nl/"
"wijsimpelveld.nl";"Gemeente Simpelveld";"https://identifier.overheid.nl/tooi/id/gemeente/gm0965";"Website";"Sociale platform voor Simpelveld en Bocholtz";"14-12-2023";"";"https://simpelveld.presurf.nl/public/latest/https://www.wijsimpelveld.nl/"
"www.texel.nl";"Gemeente Texel";"https://identifier.overheid.nl/tooi/id/gemeente/gm0448";"Website";"";"";"";""
"dataportaal.tilburg.nl";"Gemeente Tilburg";"https://identifier.overheid.nl/tooi/id/gemeente/gm0855";"Website";"";"";"";""
"denkmee.tilburg.nl";"Gemeente Tilburg";"https://identifier.overheid.nl/tooi/id/gemeente/gm0855";"Website";"";"";"";""
"detilburgsekermis.nl";"Gemeente Tilburg";"https://identifier.overheid.nl/tooi/id/gemeente/gm0855";"Doorverwijzing";"";"";"";""
"diplomazwemmen.sportintilburg.nl";"Gemeente Tilburg";"https://identifier.overheid.nl/tooi/id/gemeente/gm0855";"Website";"";"";"";""
"gezond-en-gelukkig.tilburg.nl";"Gemeente Tilburg";"https://identifier.overheid.nl/tooi/id/gemeente/gm0855";"Website";"";"";"";""
"llvs.sportintilburg.nl";"Gemeente Tilburg";"https://identifier.overheid.nl/tooi/id/gemeente/gm0855";"Website";"";"";"";""
"maakjepunt.nl";"Gemeente Tilburg";"https://identifier.overheid.nl/tooi/id/gemeente/gm0855";"Website";"";"";"";""
"open.tilburg.nl";"Gemeente Tilburg";"https://identifier.overheid.nl/tooi/id/gemeente/gm0855";"Website";"";"";"";""
"rekenkamertilburg.nl";"Gemeente Tilburg";"https://identifier.overheid.nl/tooi/id/gemeente/gm0855";"Website";"";"";"";""
"samenmetdejeugd.nl";"Gemeente Tilburg";"https://identifier.overheid.nl/tooi/id/gemeente/gm0855";"Website";"";"";"";""
"stadhuistilburg.thuisbekijken.nl";"Gemeente Tilburg";"https://identifier.overheid.nl/tooi/id/gemeente/gm0855";"Website";"";"";"";""
"stadsbos013.nl";"Gemeente Tilburg";"https://identifier.overheid.nl/tooi/id/gemeente/gm0855";"Website";"";"";"";""
"taskflow.sportintilburg.nl";"Gemeente Tilburg";"https://identifier.overheid.nl/tooi/id/gemeente/gm0855";"Website";"";"";"";""
"tilburg.incijfers.nl";"Gemeente Tilburg";"https://identifier.overheid.nl/tooi/id/gemeente/gm0855";"Website";"";"";"";""
"tilburg.lokalelastenmeter.nl";"Gemeente Tilburg";"https://identifier.overheid.nl/tooi/id/gemeente/gm0855";"Website";"";"";"";""
"tilburg.makelpunt.nl";"Gemeente Tilburg";"https://identifier.overheid.nl/tooi/id/gemeente/gm0855";"Website";"";"";"";""
"tilburg.mantelzorgtest.nl";"Gemeente Tilburg";"https://identifier.overheid.nl/tooi/id/gemeente/gm0855";"Website";"";"";"";""
"tilburg.nazca4u.nl";"Gemeente Tilburg";"https://identifier.overheid.nl/tooi/id/gemeente/gm0855";"Website";"";"";"";""
"tilburg.notubiz.nl";"Gemeente Tilburg";"https://identifier.overheid.nl/tooi/id/gemeente/gm0855";"Website";"";"";"";""
"tilburg.raadsinformatie.nl";"Gemeente Tilburg";"https://identifier.overheid.nl/tooi/id/gemeente/gm0855";"Website";"";"";"";""
"tilburg.webarchief.online";"Gemeente Tilburg";"https://identifier.overheid.nl/tooi/id/gemeente/gm0855";"Website";"";"";"";""
"vandaagvoorlater.nl";"Gemeente Tilburg";"https://identifier.overheid.nl/tooi/id/gemeente/gm0855";"Website";"";"";"";""
"webshop.sportintilburg.nl";"Gemeente Tilburg";"https://identifier.overheid.nl/tooi/id/gemeente/gm0855";"Website";"";"";"";""
"webshopdrieburcht.sportintilburg.nl";"Gemeente Tilburg";"https://identifier.overheid.nl/tooi/id/gemeente/gm0855";"Website";"";"";"";""
"webshopireenwustijsbaan.sportintilburg.nl";"Gemeente Tilburg";"https://identifier.overheid.nl/tooi/id/gemeente/gm0855";"Website";"";"";"";""
"webshopreeshof.sportintilburg.nl";"Gemeente Tilburg";"https://identifier.overheid.nl/tooi/id/gemeente/gm0855";"Website";"";"";"";""
"webshopstappegoor.sportintilburg.nl";"Gemeente Tilburg";"https://identifier.overheid.nl/tooi/id/gemeente/gm0855";"Website";"";"";"";""
"werkeninkomentilburg.nl";"Gemeente Tilburg";"https://identifier.overheid.nl/tooi/id/gemeente/gm0855";"Website";"";"";"";""
"www.aandebakgarantietilburg.nl";"Gemeente Tilburg";"https://identifier.overheid.nl/tooi/id/gemeente/gm0855";"Website";"";"";"";""
"www.cupudo.nl";"Gemeente Tilburg";"https://identifier.overheid.nl/tooi/id/gemeente/gm0855";"Website";"";"";"";""
"www.deverkiezingenenik.nl";"Gemeente Tilburg";"https://identifier.overheid.nl/tooi/id/gemeente/gm0855";"Website";"";"";"";""
"www.duurzamertilburg.nl";"Gemeente Tilburg";"https://identifier.overheid.nl/tooi/id/gemeente/gm0855";"Website";"";"";"";""
"www.finbuddy.nl";"Gemeente Tilburg";"https://identifier.overheid.nl/tooi/id/gemeente/gm0855";"Website";"";"";"";""
"www.fitenvitaaltilburg.nl";"Gemeente Tilburg";"https://identifier.overheid.nl/tooi/id/gemeente/gm0855";"Website";"";"";"";""
"www.ibabs.com";"Gemeente Tilburg";"https://identifier.overheid.nl/tooi/id/gemeente/gm0855";"Website";"";"";"";""
"www.leerplichtdoorstroompuntmiddenbrabant.nl";"Gemeente Tilburg";"https://identifier.overheid.nl/tooi/id/gemeente/gm0855";"Website";"";"";"";""
"www.lemontilburg.nl";"Gemeente Tilburg";"https://identifier.overheid.nl/tooi/id/gemeente/gm0855";"Website";"";"";"";""
"www.onderzoekscommissiechroom6.nl";"Gemeente Tilburg";"https://identifier.overheid.nl/tooi/id/gemeente/gm0855";"Website";"";"";"";""
"www.queerguidetilburg.nl";"Gemeente Tilburg";"https://identifier.overheid.nl/tooi/id/gemeente/gm0855";"Website";"";"";"";""
"www.raadtilburg.nl";"Gemeente Tilburg";"https://identifier.overheid.nl/tooi/id/gemeente/gm0855";"Website";"";"";"";""
"www.rozemaandag.nl";"Gemeente Tilburg";"https://identifier.overheid.nl/tooi/id/gemeente/gm0855";"Website";"";"";"";""
"www.spoorzonetilburg.nl";"Gemeente Tilburg";"https://identifier.overheid.nl/tooi/id/gemeente/gm0855";"Website";"";"";"";""
"www.sportintilburg.nl";"Gemeente Tilburg";"https://identifier.overheid.nl/tooi/id/gemeente/gm0855";"Website";"";"";"";""
"www.t-helpt.nl";"Gemeente Tilburg";"https://identifier.overheid.nl/tooi/id/gemeente/gm0855";"Website";"";"";"";""
"www.talentenprogramma.tryouttilburg.nl";"Gemeente Tilburg";"https://identifier.overheid.nl/tooi/id/gemeente/gm0855";"Website";"";"";"";""
"www.tilburg.nl";"Gemeente Tilburg";"https://identifier.overheid.nl/tooi/id/gemeente/gm0855";"Website";"";"";"";""
"www.tryouttilburg.nl";"Gemeente Tilburg";"https://identifier.overheid.nl/tooi/id/gemeente/gm0855";"Website";"";"";"";""
"www.werkenvoortilburg.nl";"Gemeente Tilburg";"https://identifier.overheid.nl/tooi/id/gemeente/gm0855";"Website";"";"";"";""
"www.valkenswaard.nl";"Gemeente Valkenswaard";"https://identifier.overheid.nl/tooi/id/gemeente/gm0858";"Website";"Gemeentelijke website";"";"";""
"buitenwoel-veendam.nl";"Gemeente Veendam";"https://identifier.overheid.nl/tooi/id/gemeente/gm0047";"Website";"Website van de gemeente Veendam om te informeren over Buitenwoel";"11-11-2021";"26-10-2025";""
"dekompanjie.nl";"Gemeente Veendam";"https://identifier.overheid.nl/tooi/id/gemeente/gm0047";"Website";"Dit was de website van de gemeenschappelijke ambtelijke organisatie van de gemeenten Veendam en Pekela.";"29-10-2010";"01-01-2021";""
"kerkhofveendam.nl";"Gemeente Veendam";"https://identifier.overheid.nl/tooi/id/gemeente/gm0047";"Website";"Website van kerkhof Veendam van de gemeente Veendam";"18-04-2006";"";""
"loket.veendam.nl";"Gemeente Veendam";"https://identifier.overheid.nl/tooi/id/gemeente/gm0047";"Website";"Digitaal loket van de gemeente Veendam";"15-08-2021";"";""
"mijn.veendambeweegt.nl";"Gemeente Veendam";"https://identifier.overheid.nl/tooi/id/gemeente/gm0047";"Website";"Reserveringsportaal van Veendam Beweegt en Tropiqua";"30-11-2018";"";""
"omgevingsvisie.veendam.nl";"Gemeente Veendam";"https://identifier.overheid.nl/tooi/id/gemeente/gm0047";"Website";"Omgevingsvisie van de gemeente Veendam";"21-02-2022";"";""
"shvw.nl";"Gemeente Veendam";"https://identifier.overheid.nl/tooi/id/gemeente/gm0047";"Website";"Website van Stichting Herdenkingsstenen Veendam Wildervank, overgedragen door de stichting aan de gemeente Veendam";"30-07-2014";"";""
"tropiqua.nl";"Gemeente Veendam";"https://identifier.overheid.nl/tooi/id/gemeente/gm0047";"Website";"Website van het zwembad Tropiqua van de gemeente Veendam";"05-04-2006";"";""
"vanberesteyn.nl";"Gemeente Veendam";"https://identifier.overheid.nl/tooi/id/gemeente/gm0047";"Website";"Cultuurcentrum VanBeresteyn van de gemeente Veendam";"04-12-2004";"";""
"vanberesteyn.podiumnederland.nl";"Gemeente Veendam";"https://identifier.overheid.nl/tooi/id/gemeente/gm0047";"Website";"";"";"";""
"veendam.datab.nl";"Gemeente Veendam";"https://identifier.overheid.nl/tooi/id/gemeente/gm0047";"Website";"";"";"";""
"veendam.mijnafspraakmaken.nl";"Gemeente Veendam";"https://identifier.overheid.nl/tooi/id/gemeente/gm0047";"Website";"";"";"";""
"veendam.nl";"Gemeente Veendam";"https://identifier.overheid.nl/tooi/id/gemeente/gm0047";"Website";"Hoofdwebsite van de gemeente Veendam";"30-08-1997";"";""
"veendam.notubiz.nl";"Gemeente Veendam";"https://identifier.overheid.nl/tooi/id/gemeente/gm0047";"Website";"";"";"";""
"veendam.raadsinformatie.nl";"Gemeente Veendam";"https://identifier.overheid.nl/tooi/id/gemeente/gm0047";"Website";"";"";"";""
"veendambeweegt.nl";"Gemeente Veendam";"https://identifier.overheid.nl/tooi/id/gemeente/gm0047";"Website";"Website van Team Sport en Zwembad van de gemeente Veendam";"30-11-2018";"";""
"veenjagerspad.nl";"Gemeente Veendam";"https://identifier.overheid.nl/tooi/id/gemeente/gm0047";"Doorverwijzing";"Veenjagerspad.nl was de website van het Veenjagerspad in de gemeente Veendam, de URL verwijst nu door naar de informatie over het Veenjagerspad op de website van veendambeweegt.nl";"16-01-2025";"";""
"werkenvoorgroningen.nl";"Gemeente Veendam";"https://identifier.overheid.nl/tooi/id/gemeente/gm0047";"Website";"Website van onder andere de gemeente Veendam in een samenwerkingsverband met andere gemeenten.";"01-05-2023";"";""
"woneninhetriet.nl";"Gemeente Veendam";"https://identifier.overheid.nl/tooi/id/gemeente/gm0047";"Website";"Wonen in het Riet met informatie over wonen aan de Kuifreiger/Grote Zilverreiger van de gemeente Veendam";"04-06-2024";"";""
"adviesraadsociaaldomein-venlo.nl";"Gemeente Venlo";"https://identifier.overheid.nl/tooi/id/gemeente/gm0983";"Doorverwijzing";"";"";"";""
"archief.venlo.nl";"Gemeente Venlo";"https://identifier.overheid.nl/tooi/id/gemeente/gm0983";"Website";"";"";"";""
"collecties.venlo.nl";"Gemeente Venlo";"https://identifier.overheid.nl/tooi/id/gemeente/gm0983";"Website";"";"";"";""
"fit.venlo.nl";"Gemeente Venlo";"https://identifier.overheid.nl/tooi/id/gemeente/gm0983";"Website";"";"";"";""
"iburgerzaken.venlo.nl";"Gemeente Venlo";"https://identifier.overheid.nl/tooi/id/gemeente/gm0983";"Website";"";"";"";""
"morgen.venlo.nl";"Gemeente Venlo";"https://identifier.overheid.nl/tooi/id/gemeente/gm0983";"Website";"";"";"";""
"nu.venlo.nl";"Gemeente Venlo";"https://identifier.overheid.nl/tooi/id/gemeente/gm0983";"Website";"";"";"";""
"parkeren.venlo.nl";"Gemeente Venlo";"https://identifier.overheid.nl/tooi/id/gemeente/gm0983";"Website";"";"";"";""
"q4.venlo.nl";"Gemeente Venlo";"https://identifier.overheid.nl/tooi/id/gemeente/gm0983";"Website";"";"";"";""
"vastgoed.venlo.nl";"Gemeente Venlo";"https://identifier.overheid.nl/tooi/id/gemeente/gm0983";"Website";"";"";"";""
"venlo.nu";"Gemeente Venlo";"https://identifier.overheid.nl/tooi/id/gemeente/gm0983";"Doorverwijzing";"";"";"";""
"venloonline.nl";"Gemeente Venlo";"https://identifier.overheid.nl/tooi/id/gemeente/gm0983";"Doorverwijzing";"";"";"";""
"vitaal.venlo.nl";"Gemeente Venlo";"https://identifier.overheid.nl/tooi/id/gemeente/gm0983";"Website";"";"";"";""
"vitaalinvenlo.nl";"Gemeente Venlo";"https://identifier.overheid.nl/tooi/id/gemeente/gm0983";"Doorverwijzing";"";"";"";""
"www.venlo.nl";"Gemeente Venlo";"https://identifier.overheid.nl/tooi/id/gemeente/gm0983";"Website";"";"";"";""
"www.vierpaardjesvenlo.nl";"Gemeente Venlo";"https://identifier.overheid.nl/tooi/id/gemeente/gm0983";"Website";"";"";"";""
"belastingloket.vijfheerenlanden.nl";"Gemeente Vijfheerenlanden";"https://identifier.overheid.nl/tooi/id/gemeente/gm1961";"Website";"";"";"";""
"gis.vijfheerenlanden.nl";"Gemeente Vijfheerenlanden";"https://identifier.overheid.nl/tooi/id/gemeente/gm1961";"Website";"";"";"";""
"helsdingen.nl";"Gemeente Vijfheerenlanden";"https://identifier.overheid.nl/tooi/id/gemeente/gm1961";"Website";"";"";"";""
"leerdam.city.nl";"Gemeente Vijfheerenlanden";"https://identifier.overheid.nl/tooi/id/gemeente/gm1961";"Website";"";"";"";""
"mijn.vijfheerenlanden.nl";"Gemeente Vijfheerenlanden";"https://identifier.overheid.nl/tooi/id/gemeente/gm1961";"Website";"";"";"";""
"omgevingsvisie.vijfheerenlanden.nl";"Gemeente Vijfheerenlanden";"https://identifier.overheid.nl/tooi/id/gemeente/gm1961";"Website";"";"";"";""
"shop.ticketing.cm.com";"Gemeente Vijfheerenlanden";"https://identifier.overheid.nl/tooi/id/gemeente/gm1961";"Website";"";"";"";""
"storing2.moononline.nl";"Gemeente Vijfheerenlanden";"https://identifier.overheid.nl/tooi/id/gemeente/gm1961";"Website";"";"";"";""
"vijfheerenlanden.bestuurlijkeinformatie.nl";"Gemeente Vijfheerenlanden";"https://identifier.overheid.nl/tooi/id/gemeente/gm1961";"Website";"";"";"";""
"vijfheerenlanden.lokalelastenmeter.nl";"Gemeente Vijfheerenlanden";"https://identifier.overheid.nl/tooi/id/gemeente/gm1961";"Website";"";"";"";""
"vijfheerenlanden.mijnafspraakmaken.nl";"Gemeente Vijfheerenlanden";"https://identifier.overheid.nl/tooi/id/gemeente/gm1961";"Website";"";"";"";""
"web.helsdingen.nl";"Gemeente Vijfheerenlanden";"https://identifier.overheid.nl/tooi/id/gemeente/gm1961";"Website";"";"";"";""
"www.broekgraaf.nl";"Gemeente Vijfheerenlanden";"https://identifier.overheid.nl/tooi/id/gemeente/gm1961";"Website";"";"";"";""
"www.vijfheerenlanden.nl";"Gemeente Vijfheerenlanden";"https://identifier.overheid.nl/tooi/id/gemeente/gm1961";"Website";"";"";"";""
"www.vijfheerenlandenactief.nl";"Gemeente Vijfheerenlanden";"https://identifier.overheid.nl/tooi/id/gemeente/gm1961";"Website";"";"";"";""
"zorg4vijfheerenlanden.nl";"Gemeente Vijfheerenlanden";"https://identifier.overheid.nl/tooi/id/gemeente/gm1961";"Website";"";"";"";""
"archiefvlieland.nl";"Gemeente Vlieland";"https://identifier.overheid.nl/tooi/id/gemeente/gm0096";"Website";"";"";"";""
"digitalebelastingbalie.vlieland.nl";"Gemeente Vlieland";"https://identifier.overheid.nl/tooi/id/gemeente/gm0096";"Website";"";"";"";""
"vlieland.bestuurlijkeinformatie.nl";"Gemeente Vlieland";"https://identifier.overheid.nl/tooi/id/gemeente/gm0096";"Website";"";"";"";""
"vlieland.raadsinformatie.nl";"Gemeente Vlieland";"https://identifier.overheid.nl/tooi/id/gemeente/gm0096";"Website";"";"";"";""
"www.vlieland.nl";"Gemeente Vlieland";"https://identifier.overheid.nl/tooi/id/gemeente/gm0096";"Website";"";"";"";""
"zaakloket.vlieland.nl";"Gemeente Vlieland";"https://identifier.overheid.nl/tooi/id/gemeente/gm0096";"Website";"";"";"";""
"armoedepact.westerkwartier.nl";"Gemeente Westerkwartier";"https://identifier.overheid.nl/tooi/id/gemeente/gm1969";"Website";"";"";"";""
"iburgerzaken.westerkwartier.nl";"Gemeente Westerkwartier";"https://identifier.overheid.nl/tooi/id/gemeente/gm1969";"Website";"";"";"";""
"kaart.westerkwartier.nl";"Gemeente Westerkwartier";"https://identifier.overheid.nl/tooi/id/gemeente/gm1969";"Website";"";"";"";""
"potjeswijzer.westerkwartier.nl";"Gemeente Westerkwartier";"https://identifier.overheid.nl/tooi/id/gemeente/gm1969";"Website";"";"";"";""
"werkenvoor.westerkwartier.nl";"Gemeente Westerkwartier";"https://identifier.overheid.nl/tooi/id/gemeente/gm1969";"Website";"";"";"";""
"westerkwartier.bestuurlijkeinformatie.nl";"Gemeente Westerkwartier";"https://identifier.overheid.nl/tooi/id/gemeente/gm1969";"Website";"";"";"";""
"wonen.westerkwartier.nl";"Gemeente Westerkwartier";"https://identifier.overheid.nl/tooi/id/gemeente/gm1969";"Website";"";"";"";""
"woo.westerkwartier.nl";"Gemeente Westerkwartier";"https://identifier.overheid.nl/tooi/id/gemeente/gm1969";"Website";"";"";"";""
"www.kringloopwesterkwartier.nl";"Gemeente Westerkwartier";"https://identifier.overheid.nl/tooi/id/gemeente/gm1969";"Website";"";"";"";""
"www.novatec.nl";"Gemeente Westerkwartier";"https://identifier.overheid.nl/tooi/id/gemeente/gm1969";"Website";"";"";"";""
"www.omgevingstrajectgrijpskerknorg.nl";"Gemeente Westerkwartier";"https://identifier.overheid.nl/tooi/id/gemeente/gm1969";"Website";"";"";"";""
"www.vanarmnaarbeter.nl";"Gemeente Westerkwartier";"https://identifier.overheid.nl/tooi/id/gemeente/gm1969";"Website";"";"";"";""
"www.westerkwartier.nl";"Gemeente Westerkwartier";"https://identifier.overheid.nl/tooi/id/gemeente/gm1969";"Website";"";"";"";""
"belastingloket.woerden.nl";"Gemeente Woerden";"https://identifier.overheid.nl/tooi/id/gemeente/gm0632";"Website";"";"";"";""
"denkmee.woerden.nl";"Gemeente Woerden";"https://identifier.overheid.nl/tooi/id/gemeente/gm0632";"Website";"";"";"";""
"gemeenteraad.woerden.nl";"Gemeente Woerden";"https://identifier.overheid.nl/tooi/id/gemeente/gm0632";"Website";"";"";"";""
"geoportaal.woerden.nl";"Gemeente Woerden";"https://identifier.overheid.nl/tooi/id/gemeente/gm0632";"Website";"";"";"";""
"open.woerden.nl";"Gemeente Woerden";"https://identifier.overheid.nl/tooi/id/gemeente/gm0632";"Website";"";"";"";""
"snellerpoort.nl";"Gemeente Woerden";"https://identifier.overheid.nl/tooi/id/gemeente/gm0632";"Website";"";"";"";""
"werkenbij.woerden.nl";"Gemeente Woerden";"https://identifier.overheid.nl/tooi/id/gemeente/gm0632";"Website";"";"";"";""
"werkenbijwoerden.nl";"Gemeente Woerden";"https://identifier.overheid.nl/tooi/id/gemeente/gm0632";"Doorverwijzing";"";"";"";""
"www.woerden.nl";"Gemeente Woerden";"https://identifier.overheid.nl/tooi/id/gemeente/gm0632";"Website";"";"";"";""
"www.woerdenwijzer.nl";"Gemeente Woerden";"https://identifier.overheid.nl/tooi/id/gemeente/gm0632";"Website";"";"";"";""
"bereikbaarzoetermeer.nl";"Gemeente Zoetermeer";"https://identifier.overheid.nl/tooi/id/gemeente/gm0637";"Doorverwijzing";"";"";"";""
"doemee.zoetermeer.nl";"Gemeente Zoetermeer";"https://identifier.overheid.nl/tooi/id/gemeente/gm0637";"Website";"";"";"";""
"energieloketzoetermeer.nl";"Gemeente Zoetermeer";"https://identifier.overheid.nl/tooi/id/gemeente/gm0637";"Website";"";"";"";""
"gemeentezoetermeer.eu";"Gemeente Zoetermeer";"https://identifier.overheid.nl/tooi/id/gemeente/gm0637";"Doorverwijzing";"";"";"";""
"huwelijkinzoetermeer.nl";"Gemeente Zoetermeer";"https://identifier.overheid.nl/tooi/id/gemeente/gm0637";"Doorverwijzing";"";"";"";""
"kavelszoetermeer.nl";"Gemeente Zoetermeer";"https://identifier.overheid.nl/tooi/id/gemeente/gm0637";"Website";"";"";"";""
"open.zoetermeer.nl";"Gemeente Zoetermeer";"https://identifier.overheid.nl/tooi/id/gemeente/gm0637";"Website";"";"";"";""
"opendata.zoetermeer.nl";"Gemeente Zoetermeer";"https://identifier.overheid.nl/tooi/id/gemeente/gm0637";"Website";"";"";"";""
"stadsatlas.zoetermeer.nl";"Gemeente Zoetermeer";"https://identifier.overheid.nl/tooi/id/gemeente/gm0637";"Website";"";"";"";""
"terzakehetondernemershuis.nl";"Gemeente Zoetermeer";"https://identifier.overheid.nl/tooi/id/gemeente/gm0637";"Doorverwijzing";"";"";"";""
"vrijetijdzoetermeer.nl";"Gemeente Zoetermeer";"https://identifier.overheid.nl/tooi/id/gemeente/gm0637";"Website";"";"";"";""
"www.cultuur079.nl";"Gemeente Zoetermeer";"https://identifier.overheid.nl/tooi/id/gemeente/gm0637";"Website";"";"";"";""
"www.entreezoetermeer.nl";"Gemeente Zoetermeer";"https://identifier.overheid.nl/tooi/id/gemeente/gm0637";"Website";"";"";"";""
"www.geheugenvanzoetermeer.nl";"Gemeente Zoetermeer";"https://identifier.overheid.nl/tooi/id/gemeente/gm0637";"Website";"";"";"";""
"www.meerpunt.nl";"Gemeente Zoetermeer";"https://identifier.overheid.nl/tooi/id/gemeente/gm0637";"Website";"";"";"";""
"www.pvzoetermeer.nl";"Gemeente Zoetermeer";"https://identifier.overheid.nl/tooi/id/gemeente/gm0637";"Website";"";"";"";""
"www.scalebooster.nl";"Gemeente Zoetermeer";"https://identifier.overheid.nl/tooi/id/gemeente/gm0637";"Website";"";"";"";""
"www.tzho.nl";"Gemeente Zoetermeer";"https://identifier.overheid.nl/tooi/id/gemeente/gm0637";"Website";"";"";"";""
"www.uitagendazoetermeer.nl";"Gemeente Zoetermeer";"https://identifier.overheid.nl/tooi/id/gemeente/gm0637";"Website";"";"";"";""
"www.welkom2.nl";"Gemeente Zoetermeer";"https://identifier.overheid.nl/tooi/id/gemeente/gm0637";"Website";"";"";"";""
"www.werkenbijzoetermeer.nl";"Gemeente Zoetermeer";"https://identifier.overheid.nl/tooi/id/gemeente/gm0637";"Website";"";"";"";""
"www.zoetermeer.nl";"Gemeente Zoetermeer";"https://identifier.overheid.nl/tooi/id/gemeente/gm0637";"Website";"";"";"";""
"www.zoetermeerisdeplek.nl";"Gemeente Zoetermeer";"https://identifier.overheid.nl/tooi/id/gemeente/gm0637";"Website";"";"";"";""
"www.zoetermeerpas.nl";"Gemeente Zoetermeer";"https://identifier.overheid.nl/tooi/id/gemeente/gm0637";"Website";"";"";"";""
"www.zoetermeerwijzer.nl";"Gemeente Zoetermeer";"https://identifier.overheid.nl/tooi/id/gemeente/gm0637";"Website";"";"";"";""
"zoetermeer.eu";"Gemeente Zoetermeer";"https://identifier.overheid.nl/tooi/id/gemeente/gm0637";"Doorverwijzing";"";"";"";""
"zoetermeer.incijfers.nl";"Gemeente Zoetermeer";"https://identifier.overheid.nl/tooi/id/gemeente/gm0637";"Website";"";"";"";""
